ID,name,sub_category,country_name,launched,deadline,goal,pledged,currency,backers,outcome
9960,"Gloomhaven (Second Printing)","Tabletop Games",US,"2017-04-04 00:00:00","2017-05-02 00:00:00",100000,3999795.77,USD,40642,successful
7703,"Ghostbusters™: The Board Game","Tabletop Games",US,"2015-02-10 00:00:00","2015-03-12 00:00:00",250000,1546269.5,USD,8396,successful
5072,"Shadows of Brimstone","Tabletop Games",US,"2013-10-23 00:00:00","2013-11-25 00:00:00",30000,1341305.03,USD,4727,successful
2621,"Dropfleet Commander","Tabletop Games",GB,"2015-10-30 00:00:00","2015-12-04 00:00:00",60558.35,952616.12,GBP,3918,successful
4379,"Robot Turtles: The Board Game for Little Programmers","Tabletop Games",US,"2013-09-03 00:00:00","2013-09-28 00:00:00",25000,631230.58,USD,13765,successful
11485,"TerrainCrate - Plastic, affordable, fantasy terrain!","Tabletop Games",US,"2017-04-26 00:00:00","2017-05-15 00:00:00",75000,629460,USD,3725,successful
7422,"Xia: Embers of a Forsaken Star","Tabletop Games",US,"2016-05-31 00:00:00","2016-06-22 00:00:00",40000,459147.6,USD,6100,successful
5270,"Endangered Orphans of Condyle Cove","Tabletop Games",US,"2016-08-22 00:00:00","2016-10-06 00:00:00",4097,355970.82,USD,7305,successful
2129,"Xia: Legends of a Drift System","Tabletop Games",US,"2013-05-17 00:00:00","2013-06-22 00:00:00",100000,346772.24,USD,3293,successful
8725,"Paranoia RPG","Tabletop Games",GB,"2014-10-24 00:00:00","2014-12-03 00:00:00",47057.35,341192.92,GBP,4380,successful
13075,"One Night Ultimate Alien","Tabletop Games",US,"2016-08-29 00:00:00","2016-09-28 00:00:00",5000,320890,USD,3768,successful
14777,"Feudum: A nuanced game of hand & resource management","Tabletop Games",US,"2016-11-10 00:00:00","2016-12-16 00:00:00",49000,263852.4,USD,3028,successful
8733,"Miniature Holders & Grips for painting and sculpting","Tabletop Games",DE,"2016-09-02 00:00:00","2016-10-02 00:00:00",5569.98,253335.86,EUR,3638,successful
14508,"Through the Breach: A Malifaux Roleplaying Game","Tabletop Games",US,"2012-11-28 00:00:00","2013-01-11 00:00:00",30000,243945.43,USD,1546,successful
2611,"Zpocalypse: An Epic Zombie Survival Board Game","Tabletop Games",US,"2012-03-09 00:00:00","2012-04-23 00:00:00",15000,210237.42,USD,2045,successful
12978,"Apocalypse World 2nd Edition","Tabletop Games",US,"2016-02-01 00:00:00","2016-03-02 00:00:00",19750,149681,USD,4332,successful
11285,"DinoGenics: Dinosaur Park Management","Tabletop Games",US,"2017-10-03 00:00:00","2017-11-02 00:00:00",30000,144682,USD,2726,successful
3012,"Champions of Hara","Tabletop Games",US,"2017-08-29 00:00:00","2017-09-29 00:00:00",20000,143555,USD,1623,successful
4893,"Mistfall - Legendary adventures for 1-4 fearless heroes","Tabletop Games",US,"2015-03-10 00:00:00","2015-04-02 00:00:00",19000,134348,USD,2489,successful
7824,"Word Domination - The award-winning area control / word game","Tabletop Games",US,"2016-08-23 00:00:00","2016-09-21 00:00:00",10000,115685.95,USD,2858,successful
6144,"Dr. McNinja's Legendary Showdown","Tabletop Games",US,"2013-10-23 00:00:00","2013-11-22 00:00:00",15000,111661.04,USD,2127,successful
14766,"The Burning Wheel Codex","Tabletop Games",US,"2016-01-05 00:00:00","2016-02-05 00:00:00",25000,108362,USD,2109,successful
3834,"Sergeants Miniatures Game: Red Devils","Tabletop Games",US,"2013-01-11 00:00:00","2013-02-25 00:00:00",30000,100273,USD,236,successful
2759,"Ultra-Tiny Epic Kingdoms, Board Game in a Card Box","Tabletop Games",US,"2016-03-26 00:00:00","2016-04-02 00:00:00",10000,98409.52,USD,5119,successful
6771,"Legendary Showdown: Presidential Edition","Tabletop Games",US,"2017-05-15 00:00:00","2017-06-15 00:00:00",75000,92264,USD,1825,successful
3537,Shadowscape,"Tabletop Games",US,"2016-11-14 00:00:00","2016-12-09 00:00:00",7500,89886,USD,1994,successful
11237,"Awful Fantasy: The Card Game","Tabletop Games",US,"2016-05-03 00:00:00","2016-06-06 00:00:00",20000,88936.01,USD,2994,successful
3475,"War & Empire - The Miniatures Game of Ancient Warfare","Tabletop Games",GB,"2013-11-22 00:00:00","2013-12-20 00:00:00",32714.48,87817.13,GBP,359,successful
5366,"In the Name of Odin","Tabletop Games",US,"2016-02-16 00:00:00","2016-03-03 00:00:00",20000,84811.52,USD,1679,successful
1620,"THE TRAVELER DICE TOWER - Custom Options + Storage!","Tabletop Games",US,"2017-11-08 00:00:00","2017-12-06 00:00:00",1000,84356,USD,892,successful
10819,"Primo: the beautiful, colorful, mathematical board game","Tabletop Games",US,"2014-05-08 00:00:00","2014-06-07 00:00:00",25000,79744.47,USD,1644,successful
12624,"Magination - How does it work?","Tabletop Games",NO,"2015-11-19 00:00:00","2015-12-18 00:00:00",9695.34,78277.99,NOK,963,successful
13932,"Primeval Thule","Tabletop Games",US,"2013-07-02 00:00:00","2013-08-01 00:00:00",60000,75232.5,USD,822,successful
14225,"Mythic Mania: Three Mythic Rulebooks for Pathfinder RPG","Tabletop Games",US,"2014-03-29 00:00:00","2014-05-06 00:00:00",5000,69362,USD,461,successful
7419,"Dynamic Colored X-Wing/Attack Wing Template Sets","Tabletop Games",US,"2015-02-05 00:00:00","2015-03-07 00:00:00",10000,68208.02,USD,677,successful
13813,"HIGH HEAVENS, the board game where gods battle in the skies!","Tabletop Games",US,"2013-03-22 00:00:00","2013-05-06 00:00:00",39500,66610,USD,597,successful
1490,"Viticulture: The Strategic Game of Winemaking","Tabletop Games",US,"2012-08-24 00:00:00","2012-10-08 00:00:00",25000,65980.72,USD,942,successful
6726,"Gruff: The Tactical Card Game of Mutated Monster Goats","Tabletop Games",US,"2015-05-01 00:00:00","2015-05-31 00:00:00",10000,65465.66,USD,1768,successful
4040,"Tesla vs. Edison: Duel","Tabletop Games",US,"2017-04-18 00:00:00","2017-05-17 00:00:00",5000,63702,USD,1591,successful
8617,"Wamp Select Series Paintbrushes","Tabletop Games",GB,"2015-03-13 00:00:00","2015-03-29 00:00:00",1258.27,63421.65,GBP,757,successful
7783,"ZWEIHÄNDER Grim & Perilous RPG","Tabletop Games",US,"2016-07-26 00:00:00","2016-08-25 00:00:00",7100,61743,USD,1265,successful
2376,"Seven Seas Master Collection Playing Cards (relaunch)","Playing Cards",US,"2015-08-01 00:00:00","2015-08-29 00:00:00",30000,60470,USD,827,successful
9607,"BRuT by Uusi: A Modernist Tarot and Playing Card Deck","Playing Cards",US,"2015-04-18 00:00:00","2015-05-16 00:00:00",30000,59870,USD,1100,successful
14772,"Pandante (reboot)","Tabletop Games",US,"2013-11-20 00:00:00","2013-12-20 00:00:00",30000,59763.81,USD,765,successful
8245,"Un-Renaissance : un-dead miniatures from Renaissance","Tabletop Games",IT,"2016-01-24 00:00:00","2016-02-23 00:00:00",3301.78,57026.77,EUR,528,successful
10859,"Darkrock Ventures - Asteroid Mining in Deep Space Board Game","Tabletop Games",US,"2015-07-14 00:00:00","2015-08-12 00:00:00",25000,56624,USD,963,successful
1810,"JadedAid - a card game to save humanitarians","Playing Cards",US,"2015-09-22 00:00:00","2015-10-23 00:00:00",12000,51182,USD,1625,successful
9824,"Metal Beards - Tabletop Dwarf Army","Tabletop Games",GB,"2013-12-17 00:00:00","2014-01-19 00:00:00",3301.64,50912.9,GBP,265,successful
2757,"TOTAL EXTINCTION - Battle for Karnak","Tabletop Games",GB,"2013-10-22 00:00:00","2013-12-06 00:00:00",49034.83,50772.3,GBP,287,successful
5095,"Lift Off! - Get me off this Planet","Tabletop Games",US,"2014-07-30 00:00:00","2014-08-28 00:00:00",35000,50462,USD,1014,successful
7679,"Labyrinths: Customized Modular Dungeon Terrain","Tabletop Games",CA,"2013-11-20 00:00:00","2013-12-20 00:00:00",2338.2,49264.87,CAD,184,successful
6879,"Shadowfist: Combat in Kowloon Card Game","Tabletop Games",US,"2012-08-01 00:00:00","2012-09-01 00:00:00",20000,48168,USD,320,successful
619,"Cornish Smuggler:","Tabletop Games",GB,"2013-05-23 00:00:00","2013-07-07 00:00:00",21151.87,46437.42,GBP,652,successful
1968,"War Titans: Invaders Must Die!","Tabletop Games",IE,"2017-09-12 00:00:00","2017-10-12 00:00:00",64955,46148.76,EUR,312,failed
3403,"Epic Resort - Enjoy Your Slaycation","Tabletop Games",US,"2014-03-11 00:00:00","2014-04-07 00:00:00",20000,45450.13,USD,903,successful
1520,"Villains and Vigilantes™ 3.0: The Mighty Protectors™ RPG","Tabletop Games",US,"2016-08-20 00:00:00","2016-09-19 00:00:00",18000,45198.5,USD,879,successful
10392,"Clash of the Battle Goats","Tabletop Games",US,"2016-04-12 00:00:00","2016-05-11 00:00:00",10000,45159,USD,1105,successful
857,Farlight,"Tabletop Games",US,"2017-03-01 00:00:00","2017-04-01 00:00:00",15000,44873,USD,1433,successful
10582,"The Shadowlands Campaign Setting Guidebook for Pathfinder","Tabletop Games",US,"2013-03-21 00:00:00","2013-05-04 00:00:00",5500,44183.99,USD,469,successful
6509,"Heroes Wanted: Elements of Danger","Tabletop Games",US,"2017-08-01 00:00:00","2017-08-17 00:00:00",10000,42468,USD,965,successful
9804,"SIGMATA: This Signal Kills Fascists","Tabletop Games",US,"2017-11-29 00:00:00","2017-12-29 00:00:00",9000,40437,USD,854,successful
2990,"Aradia Miniatures - The Divine Comedy: Dante's Inferno","Tabletop Games",CH,"2017-05-05 00:00:00","2017-05-25 00:00:00",5141.44,40375.74,CHF,274,successful
5558,"The Ruins Of Glendale Village - Tabletop Gaming Terrain $25!","Tabletop Games",US,"2017-10-19 00:00:00","2017-11-22 00:00:00",5000,40025,USD,442,successful
2932,"Tribes: Early Civilization","Tabletop Games",SE,"2017-03-10 00:00:00","2017-04-09 00:00:00",33281.19,39630.14,SEK,710,successful
5519,"PIRATE DEN: a pirate-themed bluffing game","Tabletop Games",US,"2014-03-10 00:00:00","2014-04-11 00:00:00",25000,39352.75,USD,697,successful
3107,"Karnivore Koala","Tabletop Games",DE,"2015-05-12 00:00:00","2015-06-12 00:00:00",5609.97,38226.35,EUR,1107,successful
3827,Groves,"Tabletop Games",US,"2017-06-06 00:00:00","2017-07-07 00:00:00",8800,38123,USD,957,successful
2871,"THON (Canceled)","Tabletop Games",US,"2013-03-02 00:00:00","2013-03-31 00:00:00",35000,37954,USD,305,canceled
6079,"Bake Your Own Basius - Basing Pads for Wargames Miniatures","Tabletop Games",GB,"2013-08-21 00:00:00","2013-09-15 00:00:00",2402.92,37796.36,GBP,287,successful
13292,"Special Committee - A Politcal Strategy Tabletop Game","Tabletop Games",US,"2016-09-22 00:00:00","2016-10-26 00:00:00",65000,36980.87,USD,272,failed
12438,"Board Game Creative Kit","Tabletop Games",US,"2017-10-18 00:00:00","2017-11-16 00:00:00",10000,36127.5,USD,445,successful
11964,"3D Bases - Modular Terrain","Tabletop Games",IT,"2016-06-20 00:00:00","2016-07-05 00:00:00",27675.07,35992.54,EUR,238,successful
9403,"Mechanical Dice Towers","Tabletop Games",US,"2016-05-24 00:00:00","2016-06-23 00:00:00",1000,34972,USD,747,successful
2943,"Carnival - A deck and dice game.","Tabletop Games",US,"2011-08-17 00:00:00","2011-10-02 00:00:00",5000,34436.65,USD,814,successful
9029,"Belfort: The Expansion Expansion","Tabletop Games",US,"2013-04-22 00:00:00","2013-05-09 00:00:00",20000,34101.01,USD,977,successful
3065,"Tavern Masters - Extended Print Run","Tabletop Games",US,"2017-03-01 00:00:00","2017-03-28 00:00:00",6500,33154,USD,566,successful
11603,"DUNGEONS of the MOUNTAIN KING","Tabletop Games",US,"2013-03-24 00:00:00","2013-04-29 00:00:00",500,32547,USD,416,successful
2372,"Demigods Rising: Clash of Heroes (Canceled)","Tabletop Games",US,"2014-03-03 00:00:00","2014-04-17 00:00:00",49000,32535,USD,315,canceled
4970,"Vampires vs. Unicorns: Floor War Game","Tabletop Games",US,"2017-03-29 00:00:00","2017-04-28 00:00:00",28000,32508,USD,403,successful
3671,Lyssan,"Tabletop Games",US,"2011-06-18 00:00:00","2011-08-17 00:00:00",20000,31632.25,USD,487,successful
6910,"Barbarian Hordes by Red Box Games","Tabletop Games",US,"2015-02-17 00:00:00","2015-03-20 00:00:00",8000,30722,USD,262,successful
7502,"Isle of Monsters - A Monster Wrangling Game for 2-5 Players","Tabletop Games",US,"2016-08-02 00:00:00","2016-08-24 00:00:00",5000,30013.52,USD,1034,successful
4386,"Clades, the Evolutionary Card Game","Tabletop Games",US,"2016-10-17 00:00:00","2016-12-07 00:00:00",8000,29538,USD,805,successful
4863,"Steampunk Goggles Playing Cards Deck - USPCC Bicycle ® LE","Tabletop Games",US,"2013-12-11 00:00:00","2014-01-10 00:00:00",24000,28987.12,USD,681,successful
9278,"Final Boss: The card game","Tabletop Games",ES,"2017-07-28 00:00:00","2017-08-27 00:00:00",10727.95,28743.76,EUR,717,successful
537,Tortuga,"Tabletop Games",US,"2014-01-25 00:00:00","2014-02-14 00:00:00",10000,28490.42,USD,572,successful
12040,"The Voting Game - The party game about your friends.","Tabletop Games",US,"2015-07-16 00:00:00","2015-08-19 00:00:00",7500,28278,USD,699,successful
1641,"CATaclysm: the RPG of Feline Proportions","Tabletop Games",CA,"2017-10-14 00:00:00","2017-11-13 00:00:00",14104.37,28156.25,CAD,470,successful
6828,"Ghostel: The Board Game","Tabletop Games",GB,"2016-01-26 00:00:00","2016-02-26 00:00:00",24948.64,28103.93,GBP,505,successful
2800,"Mad About Trivia™ MOVIES Edition, Board Game","Tabletop Games",US,"2012-03-16 00:00:00","2012-04-15 00:00:00",25000,28083,USD,20,successful
7894,"Watch Ya' Mouth - A Hilarious Mouthguard Party Game","Tabletop Games",US,"2016-05-24 00:00:00","2016-06-24 00:00:00",6000,27586,USD,670,successful
2798,"Shadowfist: A Better Tomorrow","Tabletop Games",US,"2017-10-12 00:00:00","2017-11-13 00:00:00",30000,27268,USD,177,failed
908,"Bicycle Imperium Playing Cards Deck","Playing Cards",US,"2016-09-22 00:00:00","2016-10-22 00:00:00",7500,26893,USD,505,successful
5697,"Rabbit Island: Explore, Build, Conquer!","Tabletop Games",US,"2017-06-12 00:00:00","2017-07-18 00:00:00",14500,26788,USD,696,successful
5255,"The World's Worst Dungeon Crawl!","Tabletop Games",US,"2013-04-23 00:00:00","2013-05-19 00:00:00",16000,26671,USD,500,successful
991,"Board Game Bowls upgraded","Tabletop Games",NZ,"2017-11-06 00:00:00","2017-11-27 00:00:00",1027.61,26525.31,NZD,398,successful
10354,"Kings of Air and Steam : Worlds Fair","Tabletop Games",US,"2015-09-01 00:00:00","2015-09-19 00:00:00",40000,26271,USD,591,failed
10013,"World Control - boardgame-perfection","Tabletop Games",AT,"2016-10-15 00:00:00","2016-11-09 00:00:00",25805.54,25807.35,EUR,153,successful
8817,"Liberty Back Playing Card Decks Designed By Jackson Robinson","Playing Cards",US,"2016-04-01 00:00:00","2016-05-01 00:00:00",5000,25412,USD,356,successful
843,"STAR PATROL: a hex & counter minigame of starship combat","Tabletop Games",US,"2015-08-01 00:00:00","2015-09-01 00:00:00",1650,25206,USD,1880,successful
9189,"Shadowfist: The Coming Darkness","Tabletop Games",US,"2014-04-01 00:00:00","2014-05-01 00:00:00",20000,25182,USD,206,successful
11407,"Brass Empire: New Canton Expansion + Original Reprint","Tabletop Games",US,"2017-11-01 00:00:00","2017-12-01 00:00:00",15800,25076,USD,494,successful
6722,Kromore,"Tabletop Games",US,"2014-05-07 00:00:00","2014-06-17 00:00:00",10000,24924,USD,291,successful
3657,"Crazy 8's - A Hand Illustrated Deck of Playing Cards","Playing Cards",US,"2016-01-16 00:00:00","2016-02-10 00:00:00",12000,24809,USD,619,successful
10082,"Guild Masters","Tabletop Games",US,"2016-10-25 00:00:00","2016-11-18 00:00:00",30000,24688,USD,464,failed
2703,"Premium Bicycle® Playing Cards Deck","Playing Cards",US,"2017-03-22 00:00:00","2017-04-07 00:00:00",5000,24351,USD,499,successful
8346,Cairn,"Tabletop Games",US,"2012-11-15 00:00:00","2012-11-25 00:00:00",2000,24157,USD,420,successful
4295,Argonauts,"Tabletop Games",US,"2015-06-18 00:00:00","2015-07-15 00:00:00",9000,24069,USD,603,successful
4806,"Limitless Encounters vol. 1","Tabletop Games",US,"2016-11-14 00:00:00","2016-12-14 00:00:00",5000,23686,USD,572,successful
12481,"Morbid Curiosity","Playing Cards",US,"2016-09-06 00:00:00","2016-10-07 00:00:00",10000,23539.01,USD,692,successful
6549,"Bicycle® Hundred Years' War Playing Cards","Playing Cards",US,"2014-06-03 00:00:00","2014-07-03 00:00:00",20000,23335.01,USD,504,successful
13294,"Whisper & Venom: RPG Adventure Boxed Set with 28mm Minis","Tabletop Games",US,"2013-05-30 00:00:00","2013-07-06 00:00:00",5000,23307,USD,203,successful
2824,"Spinagogue - The First-Ever Dreidel Spinning Stadium","Tabletop Games",US,"2016-12-20 00:00:00","2017-01-25 00:00:00",18000,23234.95,USD,491,successful
7237,"Shattered Void - The Sci-Fi Dogfighting Tabletop Wargame","Tabletop Games",GB,"2016-07-01 00:00:00","2016-07-31 00:00:00",13154.09,22688.17,GBP,212,successful
6128,"Champions of Hara","Tabletop Games",US,"2015-04-06 00:00:00","2015-05-06 00:00:00",15000,22355,USD,285,successful
1283,"SAMARA   ("Worker Timetrack" board game)","Tabletop Games",NL,"2015-05-11 00:00:00","2015-06-10 00:00:00",8975.96,22007.92,EUR,443,successful
6616,"Lairs: Build Your Lair, Then Defend It With Your Life","Tabletop Games",US,"2016-06-16 00:00:00","2016-07-16 00:00:00",10000,21393.69,USD,606,successful
13979,"Nightmarium, a game about conquering nightmares","Tabletop Games",US,"2016-08-31 00:00:00","2016-09-29 00:00:00",10000,21223,USD,1183,successful
14595,"Queen Games - Mini Expansions and Upgrades","Tabletop Games",US,"2017-11-08 00:00:00","2017-11-17 00:00:00",2000,21005,USD,327,successful
1741,"Astropolis II - The Galactic Melting Pot","Tabletop Games",DE,"2017-05-29 00:00:00","2017-06-18 00:00:00",4469.22,20793.06,EUR,200,successful
14384,"Corporate America: The Political Satire Board Game","Tabletop Games",US,"2012-10-16 00:00:00","2012-11-15 00:00:00",20000,20732.2,USD,326,successful
3602,"Dicenstein! (Canceled)","Tabletop Games",US,"2015-06-18 00:00:00","2015-07-19 00:00:00",25000,20682,USD,310,canceled
12146,"Battle Merchants - Economic Board Game","Tabletop Games",US,"2013-09-03 00:00:00","2013-10-04 00:00:00",18000,20680,USD,394,successful
5762,"Dominion Storage Case","Tabletop Games",US,"2013-06-25 00:00:00","2013-07-25 00:00:00",8300,20512,USD,184,successful
13599,"DAC: Dungeon Architect Cards","Tabletop Games",US,"2015-02-25 00:00:00","2015-03-27 00:00:00",1000,20270,USD,916,successful
13947,"War in Christmas Village sequels. Tabletop gaming mini","Tabletop Games",US,"2017-12-05 00:00:00","2018-01-06 00:00:00",3000,19495,USD,257,live
13509,"Ravn Playing Cards - Purple Haze","Playing Cards",SE,"2017-04-17 00:00:00","2017-05-01 00:00:00",13578.96,19069.16,SEK,475,successful
10917,"Silver Arrow, Luxury playing cards by Jackson Robinson","Playing Cards",US,"2014-10-11 00:00:00","2014-10-31 00:00:00",50000,18826,USD,484,canceled
12420,"Battle for Sularia: The Battle Begins™","Tabletop Games",US,"2015-06-23 00:00:00","2015-07-29 00:00:00",15000,18721.51,USD,337,successful
4888,"Dead Meat: Quarantine Zone America™","Tabletop Games",US,"2014-10-31 00:00:00","2014-11-26 00:00:00",80000,18649.51,USD,176,failed
10718,"Infected Zombie RPG by Immersion Studios","Tabletop Games",AU,"2015-08-16 00:00:00","2015-09-20 00:00:00",8418.69,18607.41,AUD,308,successful
1004,"The Coven - Playing Cards","Playing Cards",GB,"2015-01-01 00:00:00","2015-01-31 00:00:00",14552.03,18505.58,GBP,793,successful
5236,Anthromancer,"Tabletop Games",US,"2017-08-21 00:00:00","2017-09-20 00:00:00",50000,18436,USD,214,failed
14936,"Island Siege Card Game","Tabletop Games",US,"2013-02-02 00:00:00","2013-02-25 00:00:00",17000,18294,USD,336,successful
847,"Autumn Snow 2: The Wildlands Hunt","Tabletop Games",FR,"2017-01-28 00:00:00","2017-02-27 00:00:00",4226.01,18252.12,EUR,228,successful
14956,"GREATER EVIL: The political bullshit game","Tabletop Games",US,"2016-01-25 00:00:00","2016-02-24 00:00:00",15000,18230.52,USD,406,successful
8243,"Baseball Highlights 2045 - New Card Game by Mike Fitzgerald","Tabletop Games",US,"2014-03-07 00:00:00","2014-04-03 00:00:00",10000,17867,USD,394,successful
5163,"Buy the Rights: The Movie Pitching Party Game","Tabletop Games",US,"2015-11-09 00:00:00","2015-12-11 00:00:00",15000,17550,USD,471,successful
12715,"Love Tove","Tabletop Games",SE,"2017-12-11 00:00:00","2018-01-10 00:00:00",3085.16,17432.77,SEK,371,canceled
8423,AhHereNow,"Playing Cards",IE,"2016-02-16 00:00:00","2016-03-18 00:00:00",16918.57,17365.8,EUR,254,successful
6069,"Wizards of the Wild - The Forbidden Forest","Tabletop Games",US,"2017-05-11 00:00:00","2017-06-02 00:00:00",7500,17123.16,USD,621,successful
14530,"Cool Dice Bags...with dice inside!","Tabletop Games",US,"2017-12-11 00:00:00","2017-12-31 00:00:00",500,17064,USD,685,successful
4751,"Wits & Wagers Epic Geek Edition (Canceled)","Tabletop Games",US,"2015-11-11 00:00:00","2015-12-12 00:00:00",100000,16637,USD,296,canceled
4519,"Haggis & Ross Clan deck","Tabletop Games",US,"2013-06-13 00:00:00","2013-06-26 00:00:00",10000,16410.5,USD,811,successful
13533,"Sabotile: Isles of Hexoté - A Tile-Laying Board Game","Tabletop Games",US,"2016-03-14 00:00:00","2016-04-18 00:00:00",50000,16246.01,USD,294,canceled
10166,"Mouse Adventure by Cartoon Miniatures","Tabletop Games",NL,"2017-11-29 00:00:00","2017-12-29 00:00:00",3597.9,16238.52,EUR,144,successful
13384,"Gunship: Afterburners!","Tabletop Games",US,"2013-08-07 00:00:00","2013-09-06 00:00:00",12000,16179,USD,265,successful
2631,"The Veil: Cyberpunk RPG","Tabletop Games",CA,"2016-04-25 00:00:00","2016-05-27 00:00:00",5906.27,16163.99,CAD,665,successful
1893,"Paragon Bicycle® Playing Cards","Playing Cards",GB,"2015-03-20 00:00:00","2015-04-21 00:00:00",15119.44,15967.64,GBP,513,successful
8287,"Realmware Tabletop Tools","Tabletop Games",AU,"2017-10-26 00:00:00","2017-11-25 00:00:00",15146.93,15747.5,AUD,214,successful
7336,"The Spiel Season 7: Media Coverage of the Board Game World","Tabletop Games",US,"2012-07-27 00:00:00","2012-09-25 00:00:00",15000,15675,USD,229,successful
11011,"HOPE CITY","Tabletop Games",US,"2016-10-01 00:00:00","2016-10-23 00:00:00",15000,15628,USD,172,successful
14705,"Star Patrol: Carrier Commander - $3 sci-fi strategy nanogame","Tabletop Games",US,"2015-09-05 00:00:00","2015-09-29 00:00:00",450,15415.1,USD,4015,successful
11393,"FRAME-WERX : AFFORDABLE MODULAR BUILDING KIT FILES","Tabletop Games",US,"2016-07-25 00:00:00","2016-08-24 00:00:00",1000,15158,USD,335,successful
11882,"Feed the Shoggoth! Card Game","Tabletop Games",US,"2014-06-16 00:00:00","2014-07-16 00:00:00",8000,15058,USD,270,successful
3943,"Pixel Glory - Pets Expansion - Pay What You Want","Tabletop Games",US,"2015-02-23 00:00:00","2015-04-24 00:00:00",1000,14976.09,USD,826,successful
520,"Eternity Dice - Prestige Edition","Tabletop Games",US,"2013-11-06 00:00:00","2013-12-01 00:00:00",2000,14851,USD,178,successful
12367,"Escape the Nightmare","Tabletop Games",GB,"2015-10-27 00:00:00","2015-11-25 00:00:00",9031.11,14729.73,GBP,649,successful
13043,"Desert Island","Tabletop Games",US,"2014-10-27 00:00:00","2014-11-26 00:00:00",10000,14692,USD,392,successful
9588,"UnTied States "Capitalists" Playing Cards (EPCC) Ember Waves","Playing Cards",US,"2015-05-09 00:00:00","2015-06-23 00:00:00",13500,14658,USD,238,successful
11178,"Infected: The board game - Tabletop magnetic strategy game","Tabletop Games",MX,"2016-12-21 00:00:00","2017-01-25 00:00:00",9475.08,14535.48,MXN,213,successful
13939,"TITLE BOUT II: The Best in Boxing Board Game Simulations!","Tabletop Games",US,"2017-10-17 00:00:00","2017-11-16 00:00:00",8000,14485,USD,185,successful
2476,"Rampunctious: The Game of Terrible Puns","Tabletop Games",IE,"2017-03-13 00:00:00","2017-04-13 00:00:00",10630.04,14354.81,EUR,379,successful
8744,"Deck of Thieves","Tabletop Games",US,"2013-02-15 00:00:00","2013-03-19 00:00:00",6000,14320,USD,702,successful
4900,"The Miskatonic School for Girls: Holiday Break Expansion","Tabletop Games",US,"2014-04-09 00:00:00","2014-04-29 00:00:00",12500,14181,USD,340,successful
4757,"Spectrum 52 & Spectrum EDGE Playing Cards U.S.P.C.C.","Playing Cards",US,"2015-02-18 00:00:00","2015-03-22 00:00:00",12500,14090.5,USD,246,successful
5557,"Trash Pandas - the card game.","Tabletop Games",US,"2017-07-06 00:00:00","2017-08-05 00:00:00",200,13612,USD,683,suspended
2209,"Dead Man's Draw - A Card Game of Risk and Reward","Tabletop Games",US,"2013-10-10 00:00:00","2013-11-09 00:00:00",16500,13348,USD,431,failed
13856,"Cthulhu Wars auf Deutsch (Canceled)","Tabletop Games",US,"2014-12-06 00:00:00","2015-01-12 00:00:00",40000,13254,USD,96,canceled
4643,ManaSurge,"Tabletop Games",US,"2015-10-27 00:00:00","2015-11-25 00:00:00",8000,13160,USD,473,successful
645,"Vikings of Dragonia","Tabletop Games",US,"2015-05-19 00:00:00","2015-06-19 00:00:00",22000,13066,USD,226,failed
14001,"Whatever: A Party Game","Tabletop Games",US,"2017-11-17 00:00:00","2017-12-17 00:00:00",11500,12960,USD,162,successful
5535,"BOWL-A-RAMA Playing Cards","Playing Cards",US,"2015-03-12 00:00:00","2015-04-17 00:00:00",10000,12895,USD,328,successful
2870,"Realms Playing Cards","Playing Cards",HK,"2017-02-24 00:00:00","2017-03-26 00:00:00",4993.89,12803.04,HKD,295,successful
9584,"Cahoots Card Game of "Co-opetition" 3-4 Players by Jay Treat","Tabletop Games",US,"2017-10-10 00:00:00","2017-10-30 00:00:00",5000,12776,USD,707,successful
667,"Hana Signature Decks","Playing Cards",US,"2017-03-28 00:00:00","2017-03-30 00:00:00",100,12701,USD,101,successful
13549,"Cowboys Rebranded","Tabletop Games",US,"2017-10-24 00:00:00","2017-11-07 00:00:00",20000,12650,USD,162,failed
6556,"Pulp Alley's Lost World of Lemuria","Tabletop Games",US,"2017-09-07 00:00:00","2017-10-07 00:00:00",875,12508,USD,199,successful
1746,"Brothers of Iron","Tabletop Games",GB,"2013-07-23 00:00:00","2013-08-06 00:00:00",776.28,12460.8,GBP,195,successful
2110,""THE OTHER KINGDOM" Collector's Playing Cards","Playing Cards",US,"2016-04-24 00:00:00","2016-05-29 00:00:00",10000,12460,USD,296,successful
462,"Nothing To Declare","Tabletop Games",GB,"2016-11-01 00:00:00","2016-12-01 00:00:00",6942.95,12234.75,GBP,422,successful
4278,"Dice Coins","Tabletop Games",US,"2016-08-18 00:00:00","2016-09-17 00:00:00",12000,12136,USD,197,successful
803,"The Stretch Tarot - Relaunch","Playing Cards",GB,"2015-12-14 00:00:00","2016-01-13 00:00:00",4299.66,12082.04,GBP,191,successful
4392,"Foam Brain Metal Pins - RPG Classes, Meeples and More!","Tabletop Games",US,"2014-06-24 00:00:00","2014-07-04 00:00:00",1000,12071,USD,298,successful
6104,"Diehard Miniatures: Eru-Kin Expansion.","Tabletop Games",GB,"2016-10-04 00:00:00","2016-11-01 00:00:00",3747.28,11997.8,GBP,187,successful
9487,"Wreck Age: Post-Collapse Vehicle kits","Tabletop Games",US,"2017-03-17 00:00:00","2017-04-17 00:00:00",10000,11933,USD,147,successful
7770,"Fox & Chicken - Werewolf hits the henhouse!","Tabletop Games",GB,"2013-04-02 00:00:00","2013-05-01 00:00:00",1555.45,11868.61,GBP,433,successful
12063,"AQUATICA // Exclusive Playing Cards","Playing Cards",GB,"2015-12-04 00:00:00","2016-01-03 00:00:00",11659.77,11841.95,GBP,123,successful
9725,"Willy Miniatures Fantasy Football Human Team","Tabletop Games",ES,"2016-06-03 00:00:00","2016-06-28 00:00:00",5567.49,11840.95,EUR,93,successful
12801,"Wasteland Game Studio 6mm-scale Wargame Buildings","Tabletop Games",CA,"2014-03-11 00:00:00","2014-04-10 00:00:00",1640.99,11816.03,CAD,79,successful
9008,"Robots, Drones, Cybers 28mm miniatures sci-fi alien scenery","Tabletop Games",US,"2017-02-26 00:00:00","2017-03-31 00:00:00",1000,11662,USD,156,successful
8952,"Wizard of Oz playing cards Bicycle & Impressions by L.F Baum","Playing Cards",US,"2015-01-22 00:00:00","2015-02-21 00:00:00",14000,11639,USD,288,failed
11547,"STARDECK: Space-Grade Playing Cards","Playing Cards",US,"2016-10-11 00:00:00","2016-11-10 00:00:00",5000,11351,USD,357,successful
12592,"Pleasant Dreams:  A Card Game of Nightmares","Tabletop Games",US,"2014-03-18 00:00:00","2014-04-21 00:00:00",3000,11327,USD,604,successful
740,"DungeonCraft: Hero vs Guardian -Level 2- Upgraded Edition","Tabletop Games",US,"2012-10-29 00:00:00","2012-12-24 00:00:00",2500,11305,USD,283,successful
1825,"7 & 7 (Seven and Seven)","Tabletop Games",US,"2016-05-03 00:00:00","2016-06-02 00:00:00",9000,11252,USD,356,successful
5527,"28mm Steampunk Inspired Heavy Weapons & Carriage Miniatures","Tabletop Games",GB,"2013-04-05 00:00:00","2013-05-05 00:00:00",922.99,11222.04,GBP,140,successful
13646,"Tabletop Props","Tabletop Games",US,"2014-06-20 00:00:00","2014-07-21 00:00:00",30000,11149,USD,236,failed
13504,"Dwarf Veteran Warband","Tabletop Games",GB,"2016-02-27 00:00:00","2016-03-13 00:00:00",1448.71,11112.35,GBP,231,successful
5289,"StelCon: Infinity","Tabletop Games",US,"2012-03-05 00:00:00","2012-04-04 00:00:00",10000,10951,USD,127,successful
11342,"Barrowmaze Complete for 5e","Tabletop Games",US,"2016-09-21 00:00:00","2016-10-20 00:00:00",6000,10876,USD,215,successful
1673,"Before The Earth Explodes: A retro sci-fi card game.","Tabletop Games",US,"2017-08-01 00:00:00","2017-08-28 00:00:00",6000,10799,USD,427,successful
14320,"Andromeda Fight League","Tabletop Games",US,"2015-11-16 00:00:00","2015-12-16 00:00:00",10000,10786,USD,44,successful
2792,"HSD anthro scifi miniatures","Tabletop Games",US,"2016-06-10 00:00:00","2016-07-10 00:00:00",10000,10617,USD,86,successful
5315,"Channel A","Tabletop Games",US,"2013-02-21 00:00:00","2013-04-01 00:00:00",10000,10569.32,USD,283,successful
3302,"Argo by Bruno Faidutti and Serge Laget (Canceled)","Tabletop Games",BE,"2015-09-27 00:00:00","2015-10-29 00:00:00",55084.89,10407.74,EUR,255,canceled
12035,"Massive Zeppelin Model for 28mm VSF/Pulp Gaming","Tabletop Games",US,"2016-09-15 00:00:00","2016-10-05 00:00:00",1200,10369,USD,34,successful
1600,"Battleborn Legacy","Tabletop Games",US,"2015-03-22 00:00:00","2015-04-21 00:00:00",37000,10333,USD,152,failed
1290,"Hey Bartender! - The Cocktail Themed Party Game","Tabletop Games",US,"2015-05-01 00:00:00","2015-05-31 00:00:00",10000,10215,USD,62,successful
9261,"Expedition Zetta - Charting the Universe","Tabletop Games",SE,"2017-06-13 00:00:00","2017-07-13 00:00:00",26608.31,10130.09,SEK,132,canceled
9520,"Holdfast Tunisia","Tabletop Games",US,"2017-09-18 00:00:00","2017-10-10 00:00:00",2500,10070,USD,120,successful
9830,"Frontline General: Spearpoint 1943 Eastern Front","Tabletop Games",US,"2013-06-01 00:00:00","2013-07-01 00:00:00",16000,10027,USD,142,failed
6612,"Race to the White House","Tabletop Games",US,"2016-07-07 00:00:00","2016-08-06 00:00:00",3000,10016,USD,123,successful
1572,"TONIC - The Card & Dice Game for Musicians","Playing Cards",US,"2015-07-14 00:00:00","2015-08-14 00:00:00",3500,9941.15,USD,352,successful
8074,"Vikings: Great Hall Burning (28mm tabletop wargaming)","Tabletop Games",US,"2017-07-10 00:00:00","2017-07-31 00:00:00",4000,9864,USD,61,successful
8438,"Battle of the Bands: The Deluxe Edition Card Game","Tabletop Games",US,"2016-08-02 00:00:00","2016-09-01 00:00:00",3000,9844,USD,149,successful
9459,"Endless: Fantasy Tactics ~Gaiden~","Tabletop Games",US,"2015-05-22 00:00:00","2015-06-21 00:00:00",6000,9756,USD,65,successful
13320,"Battle Merchants Board Game (Canceled)","Tabletop Games",US,"2013-07-01 00:00:00","2013-08-06 00:00:00",30000,9637,USD,190,canceled
3562,"RONE - Races of New Era","Tabletop Games",US,"2015-11-19 00:00:00","2015-12-26 00:00:00",7000,9473,USD,221,successful
11109,"Bicycle Four Seasons Playing Cards","Playing Cards",US,"2017-06-29 00:00:00","2017-07-29 00:00:00",15000,9473,USD,169,failed
7320,"Cinema of Attractions: Pitch Movies. Get Greenlit.","Tabletop Games",US,"2016-05-18 00:00:00","2016-06-18 00:00:00",16000,9467,USD,202,failed
5485,"THE SUPERSHOW! The world's 1st UCG, Unpredictable Card Game.","Tabletop Games",US,"2014-09-24 00:00:00","2014-11-04 00:00:00",8000,9451,USD,131,successful
9165,"HERO: Prepare your champion with transparent cards!","Tabletop Games",DE,"2016-06-30 00:00:00","2016-07-31 00:00:00",22311.97,9419,EUR,143,failed
13865,"Knights Quest Family Card Game","Tabletop Games",US,"2013-07-17 00:00:00","2013-08-06 00:00:00",6000,9234,USD,196,successful
1851,"Kongo Afrika","Tabletop Games",US,"2017-11-10 00:00:00","2017-12-05 00:00:00",3500,9158,USD,61,successful
4715,"DINOMALS™: The Card Game","Tabletop Games",US,"2017-09-12 00:00:00","2017-10-12 00:00:00",6000,9143,USD,259,successful
8558,"Main Event: A Card Game Battle Royale","Tabletop Games",US,"2015-03-24 00:00:00","2015-04-23 00:00:00",9000,9130,USD,89,successful
9578,"DarkStar - A Space Civilization Power Struggle Game","Tabletop Games",US,"2013-11-08 00:00:00","2013-11-27 00:00:00",5000,9087,USD,176,successful
43,"Little Fears Nightmare Edition - Blessed are the Children","Tabletop Games",US,"2013-08-22 00:00:00","2013-09-21 00:00:00",1500,9071,USD,164,successful
6226,"He Who Laughs Last - A Cthulhu Dark RPG Scenario","Tabletop Games",US,"2014-02-10 00:00:00","2014-03-15 00:00:00",3000,9031.16,USD,385,successful
7233,"Critters Below - Starvation has never been so much fun!","Tabletop Games",NL,"2017-03-07 00:00:00","2017-04-04 00:00:00",15945.06,8987.7,EUR,171,canceled
5859,"Diamon Playing Cards N° 2 The Summer Season","Playing Cards",NL,"2017-07-02 00:00:00","2017-08-01 00:00:00",5637.31,8956.8,EUR,258,successful
4140,"Mice & Dice from Stesso Games (Canceled)","Tabletop Games",US,"2014-03-07 00:00:00","2014-04-09 00:00:00",20000,8744,USD,176,canceled
4515,"World of the Dead","Tabletop Games",US,"2012-11-21 00:00:00","2012-12-21 00:00:00",5000,8732,USD,114,successful
9698,"Creature's Secrets: Animal Divination Card Deck!","Playing Cards",US,"2015-03-10 00:00:00","2015-04-09 00:00:00",8000,8701,USD,76,successful
8988,BattleAxe,"Tabletop Games",US,"2013-09-23 00:00:00","2013-10-23 00:00:00",110000,8541,USD,130,failed
6806,"28mm Modular Sci-fi Buildings & Scenery - OpenLOCK","Tabletop Games",GB,"2017-08-22 00:00:00","2017-09-12 00:00:00",951.14,8484.16,GBP,113,successful
12141,"28mm Landsknechts","Tabletop Games",GB,"2017-01-18 00:00:00","2017-02-17 00:00:00",124.24,8341.62,GBP,108,successful
4422,"Dungeon Worlds Part 2","Tabletop Games",US,"2016-02-17 00:00:00","2016-03-03 00:00:00",4200,8223.11,USD,46,successful
1838,"RPG and Miniature Gaming Battle Maps","Tabletop Games",US,"2012-07-03 00:00:00","2012-08-12 00:00:00",14000,8171,USD,202,failed
2370,"That's What She Said Game ®","Tabletop Games",US,"2013-12-06 00:00:00","2014-01-23 00:00:00",14000,8077,USD,224,failed
425,"Quest: Awakening of Melior","Tabletop Games",US,"2015-06-25 00:00:00","2015-07-27 00:00:00",6500,8076,USD,242,successful
12936,"Pizza Theory - The Pizza Toppings Game","Tabletop Games",US,"2011-10-31 00:00:00","2011-12-30 00:00:00",4175,8042.35,USD,222,successful
12842,"Champions of the Galaxy: The Live Event","Tabletop Games",US,"2014-03-07 00:00:00","2014-04-06 00:00:00",7500,7986,USD,85,successful
2491,"Tooth and Sword","Tabletop Games",GB,"2014-06-11 00:00:00","2014-07-02 00:00:00",5143.06,7949.46,GBP,95,successful
11098,"Pixl Adventure: Dungeon Quest - A Retro Pixel Card Game","Tabletop Games",US,"2015-04-11 00:00:00","2015-05-11 00:00:00",4000,7888,USD,213,successful
7922,"Jetsetter Playing Cards. Printed by Legends Playing Card Co.","Playing Cards",US,"2015-01-20 00:00:00","2015-02-19 00:00:00",6500,7861,USD,214,successful
1872,"Gorilla Deck Bicycle Playing Cards","Playing Cards",US,"2016-06-14 00:00:00","2016-06-25 00:00:00",5000,7857,USD,272,successful
6717,"Fallen City of Karez (Canceled)","Tabletop Games",US,"2012-06-28 00:00:00","2012-08-13 00:00:00",20000,7785,USD,131,canceled
8538,"Mists of Akuma: Eastern Fantasy Noir Steampunk for D&D 5E","Tabletop Games",US,"2016-04-30 00:00:00","2016-05-31 00:00:00",7000,7720,USD,200,successful
1164,"Crokinole | Wood tabletop game with built-in chip storage","Tabletop Games",CA,"2017-10-19 00:00:00","2017-11-22 00:00:00",4721.44,7692.01,CAD,54,successful
10619,"Castles & Crusades: 7 Days in Bergholt","Tabletop Games",US,"2017-09-12 00:00:00","2017-09-20 00:00:00",500,7654,USD,149,successful
6821,"Gobby - The card game that's a GOB full of FUN!","Tabletop Games",AU,"2016-07-09 00:00:00","2016-08-14 00:00:00",7613.25,7613.25,AUD,218,successful
2112,"Joker and the Thief: Dystopia Playing Cards","Playing Cards",AU,"2016-10-31 00:00:00","2016-12-01 00:00:00",13736.26,7573.51,AUD,267,failed
3265,"El Presidente","Tabletop Games",IE,"2015-10-22 00:00:00","2015-11-21 00:00:00",16927.99,7552,EUR,150,failed
5967,"The Z Deck - A new card game platform","Tabletop Games",US,"2013-09-08 00:00:00","2013-10-08 00:00:00",7000,7551.66,USD,103,successful
8955,"Wander - by Red Panda Miniatures ©2016","Tabletop Games",US,"2016-06-20 00:00:00","2016-07-15 00:00:00",6000,7508,USD,140,successful
8936,"Stone Textured Foam Sheets for Wargames and RPG Scenery","Tabletop Games",GB,"2016-08-17 00:00:00","2016-09-07 00:00:00",1998.85,7497.3,GBP,154,successful
11602,"Into the Black: Boarding Party","Tabletop Games",CA,"2017-08-31 00:00:00","2017-09-29 00:00:00",10369.77,7463.83,CAD,143,failed
1492,"BattleBards - Fantasy Audio for Tabletop Gamers Done Right!","Tabletop Games",US,"2015-04-14 00:00:00","2015-05-14 00:00:00",10000,7433,USD,77,canceled
4211,"The Future of Big Kid Games","Tabletop Games",US,"2017-01-09 00:00:00","2017-01-30 00:00:00",5000,7285,USD,30,successful
6036,"DARK SKIES 1942 a 15 mm aerial wargame (Canceled)","Tabletop Games",ES,"2015-10-03 00:00:00","2015-11-04 00:00:00",23900.83,7228.92,EUR,74,canceled
1689,"Tabletop Towns - Hab Cubes","Tabletop Games",GB,"2014-09-13 00:00:00","2014-10-14 00:00:00",7084.48,7165.88,GBP,123,successful
9024,"Interregnum - Build your realm and claim the crown","Tabletop Games",US,"2015-06-02 00:00:00","2015-07-02 00:00:00",20000,6804,USD,126,canceled
10684,"Street Wars NYC: 1970's Street Gang Miniatures Game","Tabletop Games",GB,"2017-07-05 00:00:00","2017-07-30 00:00:00",6572.89,6784.54,GBP,88,successful
6284,"SUCCESS- "The Key to Success is in Your Hands"","Tabletop Games",US,"2016-06-13 00:00:00","2016-07-13 00:00:00",25000,6757,USD,56,failed
6134,"Warring Kingdom-First Edition","Tabletop Games",US,"2013-12-02 00:00:00","2014-01-09 00:00:00",12000,6728,USD,139,failed
84,"Berghain: A Game for 2–6 Players About Getting In","Tabletop Games",SE,"2016-11-07 00:00:00","2016-12-07 00:00:00",9806.06,6720.96,SEK,240,suspended
5709,"Magnificent, Luxury Playing Cards","Playing Cards",US,"2016-11-24 00:00:00","2016-12-23 00:00:00",18000,6651,USD,79,failed
12714,"Apocalypse Prevention, Inc. 2nd Ed (DGS and Savage Worlds)","Tabletop Games",US,"2014-10-03 00:00:00","2014-11-07 00:00:00",6000,6641,USD,162,successful
7968,"Panic at the Dojo: A Tabletop Game of Martial Arts Whimsy","Tabletop Games",US,"2016-10-21 00:00:00","2016-11-21 00:00:00",6000,6620.01,USD,213,successful
13143,"Dragon Dynasty Bicycle® Playing Cards","Tabletop Games",GB,"2013-11-14 00:00:00","2013-12-14 00:00:00",13085.79,6611.6,GBP,234,failed
7173,"Puzzle Me! - A Family-Friendly Board Game","Tabletop Games",US,"2011-12-02 00:00:00","2012-01-31 00:00:00",5000,6501,USD,299,successful
11129,"Di Renjie - Deduction Card Game for 2 to 6 Players","Tabletop Games",US,"2012-02-22 00:00:00","2012-03-23 00:00:00",5000,6471,USD,280,successful
11112,"Swords in the Stone - Arthurian themed d6 Dice!","Tabletop Games",US,"2017-08-14 00:00:00","2017-09-03 00:00:00",2200,6444,USD,198,successful
1455,"Con Quest: A Convention-themed Card Game (Canceled)","Tabletop Games",US,"2014-01-21 00:00:00","2014-03-21 00:00:00",7500,6436,USD,70,canceled
9983,"Steampunk Cthulhu Bicycle Deck - Extended Print Run","Tabletop Games",US,"2013-06-03 00:00:00","2013-06-08 00:00:00",500,6425.06,USD,262,successful
10031,"Angry Ogre Games Presents All the Board Games!!!","Tabletop Games",US,"2014-03-29 00:00:00","2014-05-28 00:00:00",5000,6237.5,USD,57,successful
4264,"LandEscapes: RPG and Miniature Fantasy Game Poster Maps","Tabletop Games",US,"2012-11-07 00:00:00","2012-12-07 00:00:00",30000,6231,USD,97,failed
9241,"FN BS The Game","Tabletop Games",US,"2017-01-26 00:00:00","2017-02-25 00:00:00",5000,6206.99,USD,129,successful
6194,"Materia - An Alchemy Card Game","Tabletop Games",US,"2017-07-10 00:00:00","2017-08-12 00:00:00",3000,6192,USD,198,successful
11408,"RPG Tablecloth Battleground","Tabletop Games",DE,"2016-05-29 00:00:00","2016-07-10 00:00:00",5564.03,6176.07,EUR,105,successful
7142,"BEEP. BEEP. ATTACK!","Tabletop Games",US,"2015-02-06 00:00:00","2015-03-08 00:00:00",5000,6167,USD,86,successful
2353,"In Harms Way Naval Game","Tabletop Games",US,"2016-04-25 00:00:00","2016-06-24 00:00:00",6000,6156,USD,44,successful
9401,"Bite off more than you can chew in Monster Town","Tabletop Games",AU,"2014-04-11 00:00:00","2014-05-11 00:00:00",5615.87,6107.26,AUD,28,successful
2125,"12 Days","Tabletop Games",US,"2012-09-14 00:00:00","2012-10-14 00:00:00",5000,6050,USD,221,successful
921,"Petri Wars","Tabletop Games",US,"2015-06-04 00:00:00","2015-07-06 00:00:00",16000,6023,USD,123,failed
9838,"Hearts Blazing","Tabletop Games",US,"2016-05-02 00:00:00","2016-06-01 00:00:00",5972,6023,USD,235,successful
14721,"INFINIPUZZLE - Out of the Ordinary.","Tabletop Games",US,"2013-02-07 00:00:00","2013-03-18 00:00:00",3700,5928,USD,128,successful
5272,"A Tragedy in Five Acts","Tabletop Games",US,"2012-10-05 00:00:00","2012-11-05 00:00:00",3500,5885,USD,201,successful
3097,"Table Full Of Awesome Gaming Terrain and Aides!","Tabletop Games",US,"2015-04-17 00:00:00","2015-05-22 00:00:00",7500,5848,USD,51,failed
2739,"The Sword of the Bastard Elf - A Two-Fisted Fantasy Gamebook","Tabletop Games",GB,"2016-11-22 00:00:00","2016-12-13 00:00:00",1244.37,5838.58,GBP,241,successful
10197,"The Award Winning Game","Tabletop Games",AU,"2015-09-15 00:00:00","2015-10-15 00:00:00",26124.82,5805.52,AUD,190,failed
6040,"Vasty Wilds: The Card-Based Board Game","Tabletop Games",US,"2017-08-29 00:00:00","2017-09-18 00:00:00",4000,5732,USD,101,successful
1082,Elements,"Tabletop Games",US,"2016-03-31 00:00:00","2016-04-30 00:00:00",5000,5727.01,USD,130,successful
13849,"Have a Merry 12 Days of Christmas--from Eagle-Gryphon Games!","Tabletop Games",US,"2014-12-13 00:00:00","2014-12-26 00:00:00",1000,5710,USD,542,successful
10930,"EXUVIAE: Relics of House Dragonfly","Tabletop Games",GB,"2017-03-31 00:00:00","2017-04-30 00:00:00",2329.1,5701.12,GBP,293,successful
8273,"The Best Expansion Ever for the Worst Game Ever","Tabletop Games",US,"2015-06-23 00:00:00","2015-07-14 00:00:00",1000,5689,USD,243,successful
14555,"Summon the Dragons! Another Unique Dice Tower","Tabletop Games",US,"2013-04-15 00:00:00","2013-05-15 00:00:00",1000,5680,USD,152,successful
12552,"Midnight Legion: The World Reborn","Tabletop Games",US,"2017-03-01 00:00:00","2017-04-01 00:00:00",1500,5603,USD,177,successful
12372,"Steampunk Menagerie in 28mm","Tabletop Games",GB,"2014-12-22 00:00:00","2015-01-21 00:00:00",1498.46,5557.8,GBP,85,successful
3205,"Sleeper RPG: A conspiracy horror tabletop roleplaying game","Tabletop Games",GB,"2015-01-16 00:00:00","2015-02-15 00:00:00",3075.13,5507.55,GBP,133,successful
11125,"Street & Track Tape","Tabletop Games",US,"2015-03-05 00:00:00","2015-04-04 00:00:00",7500,5422,USD,148,failed
7071,"All out War - Battleground, volume 1","Tabletop Games",CA,"2017-11-13 00:00:00","2017-12-18 00:00:00",7872.16,5319.22,CAD,97,canceled
8534,"Weekend in Vegas","Tabletop Games",US,"2014-06-12 00:00:00","2014-07-18 00:00:00",20000,5307,USD,45,failed
13148,"WARPOD: The Battle Of Junker Forge","Tabletop Games",NZ,"2017-09-25 00:00:00","2017-10-15 00:00:00",2099.66,5275.06,NZD,45,successful
5774,"Cheap Shot - The Game of Insult Rummy","Tabletop Games",US,"2012-08-16 00:00:00","2012-09-15 00:00:00",5000,5252.2,USD,71,successful
4922,"IRON and ALE","Tabletop Games",US,"2013-08-27 00:00:00","2013-09-26 00:00:00",35000,5236,USD,138,failed
4225,"GameKnight Tokens","Tabletop Games",US,"2015-12-21 00:00:00","2016-01-27 00:00:00",1000,5209,USD,53,successful
9587,"ZOE  DICE / 100% Carbon Fiber","Tabletop Games",US,"2015-11-03 00:00:00","2015-12-04 00:00:00",5000,5204,USD,199,successful
5769,Seriously?!,"Tabletop Games",US,"2013-07-12 00:00:00","2013-08-11 00:00:00",100000,5161,USD,90,failed
3440,"DiceAFARI: A Photo Safari Board Game","Tabletop Games",US,"2011-11-14 00:00:00","2011-12-20 00:00:00",5000,5130.01,USD,117,successful
5681,"Cold Steel Wardens:  Roleplaying in the Iron Age of Comics","Tabletop Games",US,"2012-11-30 00:00:00","2013-01-02 00:00:00",4500,5075,USD,97,successful
3279,"Assassin´s club","Tabletop Games",ES,"2016-11-09 00:00:00","2016-12-10 00:00:00",4801.92,5062.89,EUR,73,successful
2333,"Stars of Empire a VSF/Steampunk RPG","Tabletop Games",US,"2016-06-12 00:00:00","2016-08-11 00:00:00",4000,4973,USD,78,successful
121,"Colour Chess + Lure - Two games, one colourful board!","Tabletop Games",GB,"2017-03-24 00:00:00","2017-04-14 00:00:00",4472.39,4864.68,GBP,81,successful
3502,"SHATTERED CROWN","Tabletop Games",US,"2017-03-22 00:00:00","2017-05-06 00:00:00",12300,4858,USD,37,failed
6773,"The Awesome Dice Project","Tabletop Games",US,"2015-06-23 00:00:00","2015-07-23 00:00:00",3000,4822,USD,146,successful
5144,"Pizza Dice, Adventure Dice, and More?","Tabletop Games",US,"2017-03-30 00:00:00","2017-04-20 00:00:00",4000,4782,USD,269,successful
3575,"Cult of Blood Fantasy Football - Atlas Miniatures","Tabletop Games",IT,"2016-09-08 00:00:00","2016-10-08 00:00:00",3300.58,4775.95,EUR,46,successful
7463,"Board in the City CIC - Southampton (Canceled)","Tabletop Games",GB,"2015-10-06 00:00:00","2015-11-05 00:00:00",19679.68,4718.6,GBP,47,canceled
9894,SPIRIT®,"Tabletop Games",GB,"2017-10-01 00:00:00","2017-10-31 00:00:00",3932.72,4677.32,GBP,95,successful
1078,"Werewolf Tokens","Tabletop Games",US,"2015-07-27 00:00:00","2015-09-09 00:00:00",2000,4653,USD,99,successful
4687,"Pirates & Dragons the RPG (Canceled)","Tabletop Games",GB,"2013-08-02 00:00:00","2013-09-11 00:00:00",18995.16,4595.24,GBP,66,canceled
14559,"Moral Dilemma","Tabletop Games",CA,"2014-10-15 00:00:00","2014-11-14 00:00:00",6589.35,4593.22,CAD,130,failed
136,"? Infinity Edition Galaxy Cards ?","Tabletop Games",US,"2013-10-09 00:00:00","2013-10-17 00:00:00",88,4587,USD,155,successful
12041,"Blackskull Dice- Awesome Crafted D6 Dice and Pens","Tabletop Games",US,"2015-06-26 00:00:00","2015-08-01 00:00:00",500,4565,USD,93,successful
9150,"SkyWar Dragon","Tabletop Games",US,"2013-04-06 00:00:00","2013-05-06 00:00:00",41000,4541,USD,67,failed
11352,"King of the Skippers: A card game with character.","Tabletop Games",US,"2016-08-26 00:00:00","2016-09-26 00:00:00",10000,4497,USD,138,canceled
13000,"SPARKUP: A card game for creating the next big thing.","Tabletop Games",US,"2017-06-01 00:00:00","2017-07-01 00:00:00",4000,4479,USD,174,successful
9305,"RUNECAST - A Game of Dice and Destiny. (Canceled)","Tabletop Games",US,"2014-11-17 00:00:00","2014-12-18 00:00:00",15000,4440,USD,111,canceled
4252,"Gear & Piston: The Americans","Tabletop Games",US,"2013-12-20 00:00:00","2014-01-13 00:00:00",500,4393,USD,353,successful
3460,"Wooden Trainer Playing Cards By TCC","Playing Cards",HK,"2017-11-17 00:00:00","2017-12-17 00:00:00",2046.98,4365.05,HKD,122,successful
5392,"ICE AND FIRE Playing cards","Playing Cards",US,"2017-07-14 00:00:00","2017-08-13 00:00:00",14000,4330,USD,130,failed
6852,"DimmiDeck - Teach language with these fun, innovative cards.","Playing Cards",IT,"2017-01-22 00:00:00","2017-02-22 00:00:00",3946.53,4235.09,EUR,81,successful
14498,"Snipz A Card Game","Tabletop Games",US,"2016-07-13 00:00:00","2016-08-17 00:00:00",5000,4189,USD,44,failed
5960,"Producer: the movie making, story telling card game","Tabletop Games",US,"2014-09-10 00:00:00","2014-10-10 00:00:00",2000,4171,USD,131,successful
6542,Ad-Man!,"Tabletop Games",US,"2013-05-01 00:00:00","2013-06-01 00:00:00",8000,4076,USD,102,failed
3848,"Raven's Run - Tabletop Space Fleet Combat","Tabletop Games",US,"2013-04-10 00:00:00","2013-05-10 00:00:00",3500,4063,USD,60,successful
12487,"Fantasy Font Forge: Scrawl of Cthulhu","Tabletop Games",US,"2015-10-09 00:00:00","2015-11-10 00:00:00",200,4060,USD,106,successful
1563,"Wizard Survival - Canceled Dec 1st 2015 (Canceled)","Tabletop Games",AU,"2015-11-05 00:00:00","2015-12-03 00:00:00",8780.92,3967.51,AUD,91,canceled
2626,"Feline Fighting Force - a kid friendly game","Tabletop Games",US,"2017-10-14 00:00:00","2017-11-17 00:00:00",3800,3939,USD,60,successful
7895,"Monkeys On Your Back","Tabletop Games",IT,"2016-11-27 00:00:00","2016-12-27 00:00:00",15811.44,3915.97,EUR,34,failed
6218,"Storm Hollow: Call to Adventure","Tabletop Games",US,"2017-10-25 00:00:00","2017-11-09 00:00:00",35000,3904,USD,63,canceled
12915,"Blood Oath | The Beginning","Tabletop Games",US,"2015-06-07 00:00:00","2015-07-09 00:00:00",15000,3861,USD,120,failed
5258,"RPG Fantasy Maps The 12 Shops Relaunch","Tabletop Games",CA,"2017-12-20 00:00:00","2018-01-15 00:00:00",159.76,3809.35,CAD,128,live
6180,"Elegance Bicycle® Playing Cards Deck","Playing Cards",ES,"2017-11-09 00:00:00","2017-12-09 00:00:00",11215.66,3774.36,EUR,107,canceled
7878,"POTION TOKENS - 3rd Campaign","Tabletop Games",US,"2013-12-24 00:00:00","2014-02-02 00:00:00",500,3730.72,USD,62,successful
3171,"Ogre Cheerleaders","Tabletop Games",US,"2017-08-15 00:00:00","2017-09-15 00:00:00",3600,3668,USD,120,successful
8325,"Colonial America Series Playing Cards by Ember Waves","Playing Cards",US,"2016-07-14 00:00:00","2016-07-29 00:00:00",2000,3554,USD,108,successful
12147,"REVERSUS - A new rummy-inspired game with a twist!","Tabletop Games",US,"2014-06-12 00:00:00","2014-07-12 00:00:00",9000,3536,USD,87,failed
6743,"Playing Cards Deconstructed with Royal Pips by USPCC","Playing Cards",US,"2014-05-16 00:00:00","2014-06-15 00:00:00",7500,3528,USD,89,failed
982,"FRIDGEPONG - Play Beer Pong w/ Magnetic Darts On Your Fridge","Tabletop Games",US,"2017-08-08 00:00:00","2017-09-17 00:00:00",5000,3496,USD,85,canceled
1229,"TsunamiCon 2016 Wichita's Premier Tabletop Gaming Convention","Tabletop Games",US,"2016-05-24 00:00:00","2016-07-06 00:00:00",7200,3496,USD,47,failed
4685,"Dante´s La Divina Commedia - Inferno","Tabletop Games",AT,"2017-05-17 00:00:00","2017-07-14 00:00:00",55933.52,3466.74,EUR,39,failed
3696,"Extinction Crisis: The Board Game","Tabletop Games",CA,"2017-02-16 00:00:00","2017-03-18 00:00:00",22061.02,3463.21,CAD,52,failed
4141,"Therapy Decks: Playing Cards for Speech and Language Therapy","Playing Cards",US,"2016-02-01 00:00:00","2016-03-02 00:00:00",8000,3433,USD,29,failed
8407,"ELFSOM - Unleash your MAX brain power in Elves Battles!","Tabletop Games",HK,"2017-11-04 00:00:00","2017-12-15 00:00:00",12801.64,3373.23,HKD,51,failed
14485,"Frills & Fauna: Overlords","Tabletop Games",GB,"2017-08-18 00:00:00","2017-08-31 00:00:00",388.38,3372.42,GBP,45,successful
5778,"Hyperreality - The Reality TV Gameshow RPG","Tabletop Games",US,"2013-03-15 00:00:00","2013-04-15 00:00:00",7500,3344,USD,149,failed
12908,"Strike Fleet Zero - The Tabletop Strategy Game","Tabletop Games",CA,"2016-08-26 00:00:00","2016-09-25 00:00:00",41786.96,3333.08,CAD,20,failed
762,"KOOBA: A totally unique new game of skill","Tabletop Games",US,"2010-07-13 00:00:00","2010-08-28 00:00:00",3000,3327,USD,48,successful
14082,"Necropunk Pathfinder Campaign Setting","Tabletop Games",US,"2013-03-09 00:00:00","2013-05-08 00:00:00",2000,3271,USD,124,successful
12632,"Hive Mind Game","Tabletop Games",US,"2015-10-27 00:00:00","2015-11-26 00:00:00",11400,3245,USD,74,failed
14634,"The Elves of Uteria RPG Sourcebook","Tabletop Games",US,"2013-04-22 00:00:00","2013-05-22 00:00:00",2200,3237,USD,71,successful
161,"Protect or Infect","Tabletop Games",US,"2013-03-16 00:00:00","2013-04-15 00:00:00",15000,3221,USD,50,failed
2670,"Say it LOUD! The Ultimate Black Culture Trivia Party Game","Tabletop Games",US,"2017-06-14 00:00:00","2017-07-29 00:00:00",12500,3206,USD,65,failed
14762,"NO! - A game of quick moves and stolen turns","Tabletop Games",CA,"2015-04-27 00:00:00","2015-05-27 00:00:00",8036.65,3189.75,CAD,120,failed
12346,"Pong Tactics","Tabletop Games",US,"2013-08-19 00:00:00","2013-09-23 00:00:00",12000,3176,USD,116,failed
611,"Capere: a card driven strategy game for 2 and 4 players","Tabletop Games",US,"2017-04-11 00:00:00","2017-05-11 00:00:00",12000,3169,USD,55,canceled
4064,"Legacy of Mana RPG Setting for Pathfinder and 5E","Tabletop Games",US,"2016-10-11 00:00:00","2016-10-25 00:00:00",11500,3052,USD,53,canceled
11719,"Rapid Revolution","Tabletop Games",US,"2017-11-02 00:00:00","2018-01-01 00:00:00",15000,3012,USD,9,canceled
1519,"King & Parliament: The English Civil War 1642-1646","Tabletop Games",US,"2016-06-15 00:00:00","2016-07-15 00:00:00",37323,3011,USD,52,failed
2610,"The Classy Custom Deck Box for Magic: the Gathering","Tabletop Games",US,"2016-02-19 00:00:00","2016-03-20 00:00:00",2500,2990,USD,52,successful
2928,"Better Me - The Game of Growth and Friendship™","Tabletop Games",US,"2014-10-06 00:00:00","2014-11-13 00:00:00",25000,2978,USD,56,failed
4666,"Who's For Dinner? The Card Game","Tabletop Games",US,"2012-03-15 00:00:00","2012-04-15 00:00:00",2000,2819.77,USD,99,successful
13399,"'UP TO THE FRONT'","Tabletop Games",GB,"2017-01-01 00:00:00","2017-02-04 00:00:00",2492.43,2731.7,GBP,53,successful
7884,"Anime Miniatures - 28mm minis for painting, gaming, fantasy","Tabletop Games",US,"2015-04-21 00:00:00","2015-05-20 00:00:00",425,2716,USD,87,successful
606,"Constipated Cow, the Card Game","Playing Cards",GB,"2017-11-02 00:00:00","2017-12-01 00:00:00",1618.56,2705.69,GBP,64,successful
7262,"Classic Dice Set","Tabletop Games",ES,"2017-03-30 00:00:00","2017-04-20 00:00:00",2139.61,2673.44,EUR,35,successful
14822,"The Secret Order. A game of Strategy, Psychology and Power!","Playing Cards",GB,"2016-08-08 00:00:00","2016-09-07 00:00:00",6662.85,2548.54,GBP,134,failed
12943,"The Kingdom of the "Fourteen Ladies"","Playing Cards",IT,"2017-10-10 00:00:00","2017-11-09 00:00:00",2913.52,2510.28,EUR,47,failed
3523,"Ruse: A Steampunk Storytelling Card Game","Tabletop Games",US,"2014-09-11 00:00:00","2014-09-26 00:00:00",5000,2490,USD,122,failed
641,"Furtherance the Board Game","Tabletop Games",US,"2016-04-04 00:00:00","2016-05-05 00:00:00",15000,2480,USD,74,failed
6240,"Loot the Body - An Adventure Card Game for Every Party","Tabletop Games",US,"2017-11-07 00:00:00","2017-12-12 00:00:00",8000,2478,USD,68,failed
14281,"De Fil en Aiguille","Tabletop Games",FR,"2016-02-06 00:00:00","2016-02-26 00:00:00",1650.89,2437.82,EUR,53,successful
1857,"What happened to Bendrick?","Tabletop Games",DK,"2016-01-28 00:00:00","2016-03-01 00:00:00",32347.23,2425.9,DKK,54,failed
8259,"Payoff Pitch Baseball 1933 Baseball Season","Tabletop Games",US,"2015-10-01 00:00:00","2015-10-19 00:00:00",250,2397,USD,47,successful
5033,"Venture Party - A Simple & Fun Fantasy Themed Card Game","Tabletop Games",US,"2016-10-19 00:00:00","2016-11-18 00:00:00",17000,2391,USD,91,canceled
10001,"Spearpoint 1943 Eastern Front Heavy Weapons Expansion","Tabletop Games",US,"2015-07-03 00:00:00","2015-07-17 00:00:00",500,2380,USD,60,successful
9570,"Brewers Against Turbidity","Playing Cards",IE,"2016-02-17 00:00:00","2016-04-02 00:00:00",1136.3,2371.46,EUR,84,successful
837,"Seas of Chaos","Tabletop Games",US,"2014-03-14 00:00:00","2014-04-16 00:00:00",45000,2363,USD,40,failed
2002,"Legends of British Steampunk: roleplay & wargames miniatures","Tabletop Games",GB,"2015-11-20 00:00:00","2015-12-13 00:00:00",447.36,2293.47,GBP,34,successful
5249,"Worker Placement - The Temp Agency Strategy Board Game","Tabletop Games",CA,"2013-11-05 00:00:00","2013-12-07 00:00:00",16893.48,2225.25,CAD,32,canceled
2658,"Age Past Dungeon Keep RPG Set","Tabletop Games",US,"2015-06-24 00:00:00","2015-07-24 00:00:00",1000,2176,USD,23,successful
2284,"Phase ll Playing Cards","Playing Cards",GB,"2017-05-31 00:00:00","2017-06-30 00:00:00",15573.7,2167.34,GBP,17,canceled
1259,"Feed, the Vampire Mythos RPG","Tabletop Games",US,"2013-10-18 00:00:00","2013-11-17 00:00:00",1800,2136,USD,65,successful
7964,"Island of Moaning Voices by EPiK - 5E Compatible","Tabletop Games",IT,"2016-11-28 00:00:00","2016-12-28 00:00:00",13176.2,2097.65,EUR,49,failed
4740,"Cards for Calm","Playing Cards",US,"2016-07-09 00:00:00","2016-09-01 00:00:00",2000,2094,USD,104,successful
6825,"Fur Vs Scale: A Fantasy Card Game With Arcade Fighter Themes","Tabletop Games",US,"2016-02-16 00:00:00","2016-03-19 00:00:00",15000,2070,USD,44,canceled
13761,"FOIL Luxury Playing Cards - Bicycle©'s MetalLuxe™ Technology","Playing Cards",US,"2016-01-31 00:00:00","2016-02-21 00:00:00",35500,2045,USD,48,canceled
1450,"Affordable Dice Towers And Trays","Tabletop Games",US,"2017-04-11 00:00:00","2017-05-11 00:00:00",100,2043,USD,37,successful
6632,"Space Battle Dice","Tabletop Games",US,"2016-02-04 00:00:00","2016-02-16 00:00:00",1600,2038,USD,40,successful
10059,"Little Bighorn Rummy","Tabletop Games",US,"2013-04-24 00:00:00","2013-05-28 00:00:00",2500,2026.21,USD,48,failed
4845,"RESCUE MAC, IN10SE MINUTES","Tabletop Games",US,"2017-12-23 00:00:00","2018-01-22 00:00:00",680,2025,USD,75,live
4363,"Raids: The storytelling RPG","Tabletop Games",GB,"2017-08-08 00:00:00","2017-09-07 00:00:00",1982.08,2004.55,GBP,43,successful
1865,"Handcrafted Hardwood Heirloom Chess Boards","Tabletop Games",US,"2014-04-18 00:00:00","2014-05-21 00:00:00",2000,2000,USD,8,successful
9889,"The Colorado Standard Poker & Tarot Deck","Playing Cards",US,"2017-04-28 00:00:00","2017-06-01 00:00:00",5000,1998,USD,48,failed
942,"Play Ball!  America's Favorite Pastime","Tabletop Games",US,"2013-09-08 00:00:00","2013-10-23 00:00:00",25000,1977,USD,13,failed
4117,"Exemplar: Tales of the New Roman Empire RPG","Tabletop Games",US,"2012-11-18 00:00:00","2012-12-31 00:00:00",18000,1957,USD,46,failed
1617,"Back Nine Golf Card Game - Fast paced. All ages. Family fun!","Playing Cards",US,"2016-07-31 00:00:00","2016-09-09 00:00:00",28000,1930,USD,24,failed
12132,"Bucket King 3D 2.0 2-6 Player Dexterity Game by Stefan Dorra","Tabletop Games",US,"2017-03-30 00:00:00","2017-04-20 00:00:00",5000,1917,USD,52,canceled
4659,"Askrias Cube - Game Aid Dice","Tabletop Games",NZ,"2015-07-19 00:00:00","2015-08-08 00:00:00",327.91,1894.02,NZD,82,successful
13903,"DUNGEON CRUSADE (Canceled)","Tabletop Games",US,"2013-09-17 00:00:00","2013-10-17 00:00:00",80000,1879,USD,25,canceled
2244,"SWING VOTE™ THE CARD GAME","Playing Cards",GB,"2017-10-21 00:00:00","2017-11-20 00:00:00",7996.16,1840.45,GBP,26,failed
7553,"The Folio #14 supplemental 1E & 5E mini-adventures!","Tabletop Games",US,"2017-06-07 00:00:00","2017-06-14 00:00:00",500,1780,USD,135,successful
3331,""EMOTIONS": playing cards deck (Canceled)","Tabletop Games",US,"2013-05-25 00:00:00","2013-06-26 00:00:00",5000,1778,USD,82,canceled
69,"Punch'em Scrunch'em Robots","Tabletop Games",US,"2015-07-04 00:00:00","2015-08-03 00:00:00",7000,1752,USD,38,failed
7524,"Hobgoblins Hoard : Visions (Canceled)","Tabletop Games",GB,"2015-06-19 00:00:00","2015-08-03 00:00:00",6982.59,1705.3,GBP,24,canceled
751,"Foil Playing Cards - Crimson Red & Emerald Green","Playing Cards",US,"2016-07-07 00:00:00","2016-07-18 00:00:00",2000,1656,USD,44,failed
109,"Breaker Blocks","Tabletop Games",US,"2015-11-12 00:00:00","2015-12-12 00:00:00",8000,1643,USD,55,failed
3791,""LET'S HAVE CHURCH!!!" ~The Hilarious Game About Church Folk","Tabletop Games",US,"2012-05-01 00:00:00","2012-06-10 00:00:00",12000,1641,USD,14,failed
9137,"BobCon 2014","Tabletop Games",US,"2014-07-01 00:00:00","2014-07-31 00:00:00",800,1622,USD,35,successful
7480,"CLIQUE -  The Card Game","Tabletop Games",US,"2011-11-01 00:00:00","2011-12-31 00:00:00",3000,1621,USD,41,failed
4935,"Historical medieval metal coin for your games","Tabletop Games",FR,"2017-03-13 00:00:00","2017-03-20 00:00:00",2701.24,1614.26,EUR,28,failed
10729,"New line of e-Raptor Storage Boxes","Tabletop Games",US,"2016-05-24 00:00:00","2016-06-17 00:00:00",5000,1607,USD,22,failed
7037,"Tales from the Halfling Camp: Music for Tabletop RPG's","Tabletop Games",GB,"2016-04-27 00:00:00","2016-05-27 00:00:00",2929.5,1593.65,GBP,52,failed
12386,"Terramortis (Canceled)","Tabletop Games",GB,"2015-08-24 00:00:00","2015-08-31 00:00:00",2664.6,1589.62,GBP,26,canceled
10238,"Library Lovers Playing Cards","Playing Cards",GB,"2015-10-13 00:00:00","2015-11-13 00:00:00",1080.88,1555.86,GBP,93,successful
9803,"It's A Trap! (Canceled)","Tabletop Games",US,"2014-11-14 00:00:00","2014-12-15 00:00:00",8000,1520,USD,20,canceled
957,"TRUMP this...","Tabletop Games",US,"2016-04-19 00:00:00","2016-05-11 00:00:00",1000,1516,USD,48,successful
4702,"Modular Urban Terrain and Zombie Miniatures","Tabletop Games",US,"2014-04-18 00:00:00","2014-05-13 00:00:00",20000,1516,USD,25,failed
7107,"Board Simple - Season 1. Let's make board games simpler!","Tabletop Games",US,"2014-02-05 00:00:00","2014-03-07 00:00:00",3000,1487.01,USD,57,failed
6847,"Frozen Skies - A Savage Worlds Dieselpunk RPG","Tabletop Games",GB,"2013-07-15 00:00:00","2013-08-14 00:00:00",4690.28,1474.31,GBP,60,failed
1524,"El Generale – It`s time to run !","Tabletop Games",GB,"2014-03-19 00:00:00","2014-04-28 00:00:00",11813.15,1439.52,GBP,45,failed
14258,"Drink n' Delegate","Playing Cards",CA,"2015-10-13 00:00:00","2015-11-12 00:00:00",1954.15,1413,CAD,56,canceled
3683,"The Award Goes To","Tabletop Games",US,"2013-05-14 00:00:00","2013-06-28 00:00:00",10000,1403,USD,42,failed
9069,"Askrias Cube","Tabletop Games",NZ,"2015-06-19 00:00:00","2015-07-19 00:00:00",1968.63,1379.36,NZD,30,failed
4378,"First Impressions","Playing Cards",GB,"2016-11-07 00:00:00","2017-01-06 00:00:00",4945.35,1377.28,GBP,44,failed
12114,"The Space Base Race","Tabletop Games",US,"2014-11-15 00:00:00","2014-12-01 00:00:00",2500,1366,USD,75,failed
5876,"Ascended Saga Tabletop RPG (Canceled)","Tabletop Games",US,"2014-07-17 00:00:00","2014-08-16 00:00:00",20000,1364,USD,26,canceled
9184,"MILLENNIUM ADVENTURES: RPG Book-Videos-Maps-App-Miniatures","Tabletop Games",US,"2015-04-10 00:00:00","2015-05-18 00:00:00",49750,1360.99,USD,8,canceled
3290,"4 Star : The Addictive Bluffing Card Game!","Playing Cards",US,"2016-08-18 00:00:00","2016-09-17 00:00:00",5000,1350,USD,42,failed
13908,"Za: a collaborative word game","Tabletop Games",US,"2017-09-18 00:00:00","2017-10-18 00:00:00",2000,1342,USD,35,failed
289,"Dirty Santa: The Official Christmas Party Game","Playing Cards",US,"2017-11-07 00:00:00","2017-11-18 00:00:00",3000,1323,USD,44,failed
10066,"Ultimate Unofficial Collectors Guide to D&D:Forgotten Realms","Tabletop Games",US,"2013-07-18 00:00:00","2013-08-17 00:00:00",500,1322,USD,35,successful
2493,DIG,"Tabletop Games",FR,"2017-01-31 00:00:00","2017-02-25 00:00:00",10565.02,1298.44,EUR,38,canceled
8763,"Dysfunctional Families Card Game - You'll Say Funny Things!","Tabletop Games",US,"2017-01-02 00:00:00","2017-02-03 00:00:00",13,1266.99,USD,63,successful
608,"Articulate Sex (Canceled)","Tabletop Games",AU,"2015-10-23 00:00:00","2015-12-20 00:00:00",10893.25,1246.19,AUD,28,canceled
3821,"Morse Code Playing Cards.","Playing Cards",US,"2014-05-14 00:00:00","2014-06-13 00:00:00",10000,1244,USD,44,failed
12473,"Climax or Bust: A party card game for dirty group fun.","Tabletop Games",US,"2017-06-21 00:00:00","2017-07-26 00:00:00",14500,1242,USD,23,failed
8397,"RPGsmith (Canceled)","Tabletop Games",US,"2015-12-18 00:00:00","2016-01-19 00:00:00",55000,1214,USD,15,canceled
10153,"52 LIVE UP... Playing/Challenge Cards Game","Playing Cards",US,"2015-12-06 00:00:00","2016-01-05 00:00:00",3100,1204,USD,13,failed
4939,"Alchemyst Card Game","Tabletop Games",US,"2012-05-25 00:00:00","2012-06-24 00:00:00",6000,1202.25,USD,45,failed
8614,"Dead Man's Hand Tarot Playing Cards","Playing Cards",US,"2015-09-22 00:00:00","2015-10-22 00:00:00",600,1191,USD,33,successful
10539,"Krazy Dogs & Krazy Kats Playing Cards for dog and cat lovers","Playing Cards",US,"2014-07-01 00:00:00","2014-07-22 00:00:00",1500,1183,USD,46,failed
11177,"Corporate BureaucRats","Playing Cards",AU,"2015-01-27 00:00:00","2015-03-13 00:00:00",9576.34,1182.87,AUD,27,failed
13332,"5e Adventure - Ingen's Legacy","Tabletop Games",US,"2017-11-01 00:00:00","2017-12-01 00:00:00",500,1181,USD,80,successful
527,"It's Zambies The Card Game!!","Tabletop Games",US,"2014-02-01 00:00:00","2014-03-03 00:00:00",1000,1135,USD,21,successful
10581,"Relaunch! Whispers of Starfall: a 5E adventure module","Tabletop Games",US,"2016-06-01 00:00:00","2016-07-01 00:00:00",500,1133,USD,55,successful
6381,"FILD: Renegade Monsters (Canceled)","Tabletop Games",GB,"2015-09-30 00:00:00","2015-10-30 00:00:00",15339.78,1121.34,GBP,16,canceled
14565,"28mm white metal Victorian SCI-FI and Steam Punk Figures","Tabletop Games",GB,"2014-01-15 00:00:00","2014-02-14 00:00:00",835.44,1116.14,GBP,18,successful
6317,"ROME - Anno Octavian","Tabletop Games",US,"2012-01-18 00:00:00","2012-02-17 00:00:00",1000,1105,USD,39,successful
14972,"The Great States of America","Tabletop Games",US,"2014-06-03 00:00:00","2014-07-08 00:00:00",1000,1094,USD,54,successful
14964,"Paragon City Games Community Upgrade Program","Tabletop Games",US,"2016-09-28 00:00:00","2016-10-28 00:00:00",5000,1078,USD,14,failed
6811,"Building the Ultimate Knot","Tabletop Games",US,"2012-09-05 00:00:00","2012-10-14 00:00:00",6000,1076,USD,29,failed
11550,"Raiders of Arcana","Tabletop Games",GB,"2014-11-23 00:00:00","2014-12-23 00:00:00",9321.55,1056.44,GBP,17,failed
4197,"Epic Beer Pong - Portable & Interactive LED Beer Pong","Tabletop Games",US,"2016-05-30 00:00:00","2016-06-29 00:00:00",202329,1049,USD,9,canceled
1550,"Stoned Monkeys","Playing Cards",SE,"2015-10-11 00:00:00","2015-11-10 00:00:00",2832.18,1045.18,SEK,43,failed
4163,"Eyeball Boxing - The Card Game","Tabletop Games",US,"2016-09-27 00:00:00","2016-10-27 00:00:00",1000,1039.16,USD,30,successful
9874,"28mm Miniatures for Tabletop SciFi Games (Canceled)","Tabletop Games",US,"2014-07-31 00:00:00","2014-08-11 00:00:00",2000,1030,USD,15,canceled
8069,"Dungeons & Dragons 5E Module: Secrets of Oyster Cove","Tabletop Games",US,"2017-09-11 00:00:00","2017-10-02 00:00:00",250,1026,USD,35,successful
9285,"Industrial WAVE : Uniquely Designed Cribbage Board","Tabletop Games",US,"2014-04-08 00:00:00","2014-05-08 00:00:00",500,1005,USD,26,successful
2404,"Toypocalypse Falls - Campaign Setting","Tabletop Games",US,"2012-07-06 00:00:00","2012-08-05 00:00:00",500,1002.72,USD,48,successful
2840,"Biblioteka: A Game of Books and Robbers","Tabletop Games",US,"2017-01-31 00:00:00","2017-03-02 00:00:00",1000,1001,USD,62,successful
7434,"No Blank Left Behind: Formerly Blank This Game!","Tabletop Games",US,"2017-01-26 00:00:00","2017-03-01 00:00:00",12000,985,USD,22,failed
4275,"Rooster Rush","Tabletop Games",US,"2017-08-07 00:00:00","2017-08-28 00:00:00",5000,978,USD,56,canceled
4327,"RPG 3.1","Tabletop Games",US,"2014-03-20 00:00:00","2014-04-22 00:00:00",500,965,USD,78,successful
6882,"Thwang! - The Thwang-Tastic Family Game For 2-4 Players!","Tabletop Games",GB,"2017-03-06 00:00:00","2017-05-01 00:00:00",5175.78,940.7,GBP,9,canceled
10191,"Major Effect Dice: The Portal design (Canceled)","Tabletop Games",US,"2014-12-01 00:00:00","2015-01-17 00:00:00",3000,938,USD,64,canceled
8316,"Interference - Custom Playing Card Deck - by USPCC","Playing Cards",US,"2015-01-27 00:00:00","2015-02-26 00:00:00",19000,933,USD,55,failed
12123,"Old West Buildings for HO Scale Train Layouts & Wargaming","Tabletop Games",US,"2017-12-26 00:00:00","2018-01-16 00:00:00",1500,921,USD,15,live
533,"Friday Night Boards","Tabletop Games",US,"2015-04-06 00:00:00","2015-05-06 00:00:00",500,901,USD,25,successful
7445,"The Inmates Are Running The Asylum!","Playing Cards",US,"2014-12-16 00:00:00","2015-01-15 00:00:00",10000,890,USD,25,failed
11623,"Tides of Fate","Tabletop Games",US,"2016-09-06 00:00:00","2016-10-10 00:00:00",100000,884,USD,15,canceled
1719,"MIND THE GAP - A Pop Culture Fill-in-the-Blank Game","Tabletop Games",CA,"2017-05-30 00:00:00","2017-06-29 00:00:00",3704.85,883.76,CAD,16,failed
12440,"Dark Obelisk: A Dynamic Adventure Path for Pathfinder RPG","Tabletop Games",US,"2016-02-02 00:00:00","2016-03-03 00:00:00",560,878,USD,56,successful
6142,"Fantasy Football: Draft, Deals, and Dice (FF3D) (Canceled)","Tabletop Games",US,"2015-08-10 00:00:00","2015-09-05 00:00:00",15000,876,USD,26,canceled
14443,"Use Your Words - Party Game","Tabletop Games",US,"2015-07-02 00:00:00","2015-08-01 00:00:00",6000,860,USD,26,failed
10761,"Minions and Heroes","Tabletop Games",US,"2013-06-08 00:00:00","2013-07-08 00:00:00",11000,845,USD,16,failed
4877,"Wicked Wombats- a strategy card game full of action & fun","Playing Cards",US,"2017-11-21 00:00:00","2017-12-21 00:00:00",7500,841,USD,21,failed
7790,"CHOMP! Zombie Apocalypse Role Playing Game","Tabletop Games",US,"2015-10-09 00:00:00","2015-11-08 00:00:00",600,828,USD,23,successful
236,"Passing Shot: Dice Tennis Game","Tabletop Games",US,"2011-12-29 00:00:00","2012-01-28 00:00:00",500,813,USD,30,successful
8252,"Heavy Metal: Insane Vehicular Combat","Tabletop Games",US,"2017-01-18 00:00:00","2017-03-19 00:00:00",60000,787,USD,10,failed
14892,"Age Of Heroes - a revolutionary character building boardgame","Tabletop Games",US,"2015-05-27 00:00:00","2015-06-26 00:00:00",2500,759,USD,14,failed
13386,"North Vs. South Card Game","Tabletop Games",US,"2017-04-24 00:00:00","2017-05-24 00:00:00",10000,742,USD,21,canceled
11886,"Hunny Hunters: A Card and Tile Game of Memory and Deception","Tabletop Games",GB,"2014-11-21 00:00:00","2014-12-22 00:00:00",8544.75,741.06,GBP,29,failed
9980,"Shootout! The High Noon Card Game(CANCELLED) (Canceled)","Tabletop Games",US,"2015-07-30 00:00:00","2015-09-04 00:00:00",5869,709,USD,20,canceled
14606,"Roar of the Dragon","Tabletop Games",US,"2015-06-04 00:00:00","2015-07-03 00:00:00",18000,704,USD,14,failed
1781,"Bankers and Robbers","Tabletop Games",NZ,"2016-10-25 00:00:00","2016-11-29 00:00:00",14198.49,691.11,NZD,38,canceled
2411,"Absolute Corruption: The Deceitful Card Game","Tabletop Games",US,"2016-06-02 00:00:00","2016-07-05 00:00:00",10000,687,USD,27,failed
12683,"Coming back soon (Canceled)","Playing Cards",US,"2016-04-03 00:00:00","2016-04-30 00:00:00",7670,681.13,USD,29,canceled
8483,"Elemental Lotus Dice - 2nd","Tabletop Games",NZ,"2015-08-25 00:00:00","2015-09-14 00:00:00",32.25,651.49,NZD,27,successful
5959,"TekkoShodown: The Massive Multiplayer Card-Based RPG","Tabletop Games",US,"2014-03-24 00:00:00","2014-05-11 00:00:00",2530,637,USD,17,failed
7102,"Point Playing Cards By Jason Nguyen (Canceled)","Playing Cards",US,"2015-08-10 00:00:00","2015-09-09 00:00:00",10000,637,USD,26,canceled
2665,"Infect - Strategy Board game","Tabletop Games",CA,"2014-05-08 00:00:00","2014-06-07 00:00:00",32261.04,622.18,CAD,13,failed
5820,"Dirty Lines: A Game For Dirty Minds","Playing Cards",US,"2017-01-09 00:00:00","2017-02-08 00:00:00",6000,616,USD,12,failed
11205,"MADCAP LEAGUE COMEDY FOOTBALL / SOCCER GAME (Canceled)","Tabletop Games",GB,"2013-06-17 00:00:00","2013-07-17 00:00:00",15260.19,611.93,GBP,8,canceled
1786,"ZoomSchwartzProfiglianoCards, the only hot potato card game.","Playing Cards",CA,"2015-07-08 00:00:00","2015-08-03 00:00:00",9172.91,608.47,CAD,14,failed
1956,"Novelty:Spinning Top Dice Paperweight","Tabletop Games",US,"2014-12-15 00:00:00","2015-01-26 00:00:00",8400,601,USD,18,failed
11835,"Hench: The Game","Tabletop Games",US,"2011-11-02 00:00:00","2011-12-27 00:00:00",5000,600,USD,25,failed
14531,"Razor Girls 2015 Fantasy Experience","Tabletop Games",US,"2014-07-15 00:00:00","2014-08-05 00:00:00",20000,588,USD,33,failed
4872,"Aydolon: Age of Heroes","Tabletop Games",US,"2017-10-23 00:00:00","2017-11-18 00:00:00",6500,585,USD,11,canceled
2360,"2 Player Expandable Tabletop Game: Lands & Lore","Tabletop Games",US,"2017-06-20 00:00:00","2017-07-20 00:00:00",10000,584,USD,13,canceled
13945,"Color Swap! An easy game for everyone!","Tabletop Games",US,"2016-06-06 00:00:00","2016-07-06 00:00:00",2000,574.66,USD,27,failed
5123,"Hatfield vs McCoy - Card Game Launch","Tabletop Games",US,"2013-05-14 00:00:00","2013-06-13 00:00:00",25000,551,USD,14,failed
9551,"Race to Earth 2: The Strategic Space Board Game (Canceled)","Tabletop Games",US,"2014-07-08 00:00:00","2014-08-07 00:00:00",5000,545,USD,22,canceled
5467,"Traveling with Scrabble","Tabletop Games",US,"2017-05-30 00:00:00","2017-07-01 00:00:00",2000,535,USD,5,failed
9832,"The March of the Warden - A 5e RPG Campaign","Tabletop Games",DE,"2016-09-11 00:00:00","2016-10-11 00:00:00",110.02,534.69,EUR,33,successful
7337,"White and Black Elephant Gift Exchange","Tabletop Games",US,"2015-10-23 00:00:00","2015-11-23 00:00:00",800,529,USD,21,failed
7019,GLORY,"Tabletop Games",US,"2017-06-16 00:00:00","2017-07-16 00:00:00",2500,526,USD,23,failed
12177,"Mage Rage - A Deck Building Card Game from 2 Wolves Games","Tabletop Games",US,"2016-09-19 00:00:00","2016-10-19 00:00:00",4250,507,USD,22,failed
4658,"Besieged! A Strategic, Shed Style Card Game (Canceled)","Tabletop Games",US,"2015-08-04 00:00:00","2015-09-03 00:00:00",9999,500,USD,21,canceled
11950,"Happy Hour Drinking Games","Tabletop Games",CA,"2014-04-30 00:00:00","2014-05-30 00:00:00",4614.25,483.57,CAD,20,failed
7200,"Ace Alcohol  Education Playing Cards","Tabletop Games",US,"2013-02-09 00:00:00","2013-03-16 00:00:00",25000,480,USD,27,failed
3269,"AceHole: The customizable card drinking game","Tabletop Games",US,"2017-10-31 00:00:00","2017-12-04 00:00:00",10000,477,USD,13,failed
1546,"Pirates Lagoon","Tabletop Games",US,"2017-07-27 00:00:00","2017-08-19 00:00:00",3000,470,USD,10,failed
961,"Pitch and Hit Card Baseball","Tabletop Games",US,"2017-09-12 00:00:00","2017-10-12 00:00:00",10000,461,USD,10,failed
12913,"Action Mat Football -- Football Strategy Board Game","Tabletop Games",US,"2014-01-10 00:00:00","2014-03-11 00:00:00",75000,426,USD,12,failed
3539,"¡DRAW! by WiseGuy Games","Tabletop Games",US,"2014-09-22 00:00:00","2014-10-20 00:00:00",2000,423,USD,16,failed
8591,"Dragon Ball Dice","Tabletop Games",US,"2015-05-01 00:00:00","2015-05-31 00:00:00",30000,423,USD,16,failed
4189,"UmpCard Baseball Game","Tabletop Games",US,"2016-04-25 00:00:00","2016-05-25 00:00:00",15750,402,USD,12,failed
403,"PRO: Professional Racing Ops (Canceled)","Tabletop Games",US,"2013-10-26 00:00:00","2013-11-25 00:00:00",50000,399,USD,6,canceled
11430,"SF Denton Game Fish of New York Art Card Deck","Playing Cards",US,"2015-03-20 00:00:00","2015-04-19 00:00:00",300,396,USD,26,successful
6815,"Hungry Minds Study Games Box","Tabletop Games",CA,"2015-04-10 00:00:00","2015-05-19 00:00:00",16393.44,392.62,CAD,12,failed
9428,"DrugLord: This tabletop drug war will end the war on drugs.","Tabletop Games",IT,"2017-05-23 00:00:00","2017-06-22 00:00:00",74412.58,392.17,EUR,5,failed
8045,"Pizza World","Tabletop Games",US,"2017-10-08 00:00:00","2017-11-14 00:00:00",25000,390,USD,15,failed
5220,"Kingdoms: Fitness Adventure Game (Canceled)","Playing Cards",US,"2015-10-20 00:00:00","2015-11-28 00:00:00",2000,384,USD,27,canceled
1321,"Genesis Virus, Year 1. (Canceled)","Tabletop Games",US,"2016-01-01 00:00:00","2016-01-31 00:00:00",8000,382,USD,13,canceled
499,"Santa Banta Naughty Nice","Tabletop Games",CA,"2016-11-21 00:00:00","2017-01-10 00:00:00",12175.63,371.36,CAD,13,canceled
8142,"Fleet Battles, Card Game","Playing Cards",US,"2015-03-31 00:00:00","2015-04-30 00:00:00",5000,362,USD,12,failed
9915,"Americana Deck","Playing Cards",US,"2014-08-13 00:00:00","2014-09-12 00:00:00",1,358,USD,9,successful
10868,"Hollytown. Talent Agency. Retro Card Game. (Canceled)","Tabletop Games",US,"2015-02-10 00:00:00","2015-03-13 00:00:00",6600,353,USD,16,canceled
12089,"TILE KING","Tabletop Games",US,"2017-04-18 00:00:00","2017-06-02 00:00:00",2608,348,USD,2,failed
2259,"ConClave Gaming Convention (Canceled)","Tabletop Games",US,"2016-05-01 00:00:00","2016-05-31 00:00:00",6500,335,USD,13,canceled
11084,"And I'm Out!","Tabletop Games",US,"2016-08-09 00:00:00","2016-09-08 00:00:00",12500,334,USD,17,failed
10828,"Beer Fest: The Board Game (Canceled)","Tabletop Games",US,"2014-10-03 00:00:00","2014-11-02 00:00:00",20000,312,USD,9,canceled
2245,"Worlds Worst - Pack Of Jerks Edition, and you could be one!","Playing Cards",GB,"2015-02-13 00:00:00","2015-04-14 00:00:00",12017.24,309.44,GBP,8,failed
2893,"EKI - The Station","Tabletop Games",US,"2016-09-30 00:00:00","2016-10-30 00:00:00",5500,298,USD,8,failed
2616,"SubWar the Card and Token Game","Tabletop Games",US,"2014-07-26 00:00:00","2014-08-25 00:00:00",10000,295,USD,11,failed
13604,"BIOTANK - Gods of the Apocalypse","Playing Cards",US,"2015-05-23 00:00:00","2015-07-07 00:00:00",5000,295,USD,8,failed
1626,"Saloon Tycoon: The tile game that builds out & UP!","Tabletop Games",US,"2016-02-18 00:00:00","2016-04-13 00:00:00",20000,293,USD,9,canceled
9195,"SPACE CHASE tm","Tabletop Games",US,"2016-06-05 00:00:00","2016-07-07 00:00:00",6900,291,USD,8,failed
9431,"L.O.R.D Playing Cards (Canceled)","Tabletop Games",AU,"2014-04-02 00:00:00","2014-05-02 00:00:00",11111.11,288.89,AUD,17,canceled
960,"SAVE LIVES - HELP YOUNG PEOPLE STAY OFF DRUGS!!!","Tabletop Games",US,"2012-02-21 00:00:00","2012-04-20 00:00:00",12500,278,USD,8,failed
12870,"Ultimate Drama","Tabletop Games",US,"2012-02-08 00:00:00","2012-03-09 00:00:00",4200,272.48,USD,15,failed
204,"Masters of Blöödirön (Canceled)","Tabletop Games",US,"2015-06-03 00:00:00","2015-06-24 00:00:00",4600,270,USD,18,canceled
10481,"Help Playtest & Develop a New Game!","Tabletop Games",US,"2012-02-27 00:00:00","2012-03-28 00:00:00",400,268,USD,12,failed
11585,"The RatRace Board Game","Tabletop Games",GB,"2013-04-19 00:00:00","2013-05-25 00:00:00",761.79,262.06,GBP,11,failed
12844,"Quizmania - the first board game with VR experience!","Tabletop Games",US,"2017-08-02 00:00:00","2017-09-02 00:00:00",49000,260,USD,10,failed
501,"ComboClassClash, fantasy/strategy Card Game (Canceled)","Tabletop Games",US,"2014-12-20 00:00:00","2015-01-19 00:00:00",10000,252,USD,6,canceled
10224,"Property Manager Card Game","Tabletop Games",US,"2014-06-27 00:00:00","2014-07-27 00:00:00",5000,244,USD,13,failed
750,"IOH: Fun New Card Game","Tabletop Games",US,"2013-11-05 00:00:00","2013-12-05 00:00:00",7000,237,USD,13,failed
1022,"Strangely Assembled Mutants S.A.M.","Playing Cards",US,"2017-06-21 00:00:00","2017-07-21 00:00:00",30000,235,USD,4,canceled
1222,"Mission Unstoppable Board Game- The Game of Principles","Tabletop Games",US,"2015-11-12 00:00:00","2015-12-10 00:00:00",10000,224,USD,8,failed
6415,"Board game CARGOMASTER","Tabletop Games",DE,"2015-11-25 00:00:00","2015-12-25 00:00:00",4354.78,213.38,EUR,9,failed
3506,"Kommands Board Game - Gather, Build, Battle!","Tabletop Games",CA,"2017-06-04 00:00:00","2017-07-04 00:00:00",770.77,211.19,CAD,5,failed
4774,"25mm scale building maps","Tabletop Games",US,"2015-11-22 00:00:00","2015-12-07 00:00:00",50,201,USD,9,successful
6830,"Vampire team.Metal!!28mm.Medieval Football!!Equipo Vampiros.","Tabletop Games",ES,"2017-11-04 00:00:00","2017-11-14 00:00:00",943.6,198.16,EUR,4,failed
1192,"Kids Bible Card Game","Tabletop Games",US,"2013-01-29 00:00:00","2013-02-28 00:00:00",7000,189,USD,5,failed
7859,"The Commune of Courolempierre","Tabletop Games",US,"2017-11-23 00:00:00","2017-12-23 00:00:00",5000,186,USD,9,failed
7749,"OVI DICE (Canceled)","Tabletop Games",US,"2015-04-03 00:00:00","2015-06-02 00:00:00",2015,180,USD,4,canceled
11380,"Paper Adventure: A FUN way for the whole family to game!","Tabletop Games",US,"2017-11-19 00:00:00","2017-11-28 00:00:00",25,173,USD,40,successful
7116,"TRACK YOUR AMMO SUPPLIES!","Tabletop Games",US,"2012-09-25 00:00:00","2012-10-25 00:00:00",1500,172,USD,7,failed
12249,"Temptress LIMITED Playing Card and TAROT DECK 1/100","Playing Cards",US,"2017-04-05 00:00:00","2017-04-19 00:00:00",99,168,USD,3,canceled
9582,"Rise of the Dragon Lords","Tabletop Games",US,"2015-04-14 00:00:00","2015-05-14 00:00:00",14000,159,USD,4,failed
703,"The King is Dead - Card Game","Tabletop Games",GB,"2016-03-17 00:00:00","2016-04-16 00:00:00",287.56,152.41,GBP,9,failed
5854,"UK Games Expo 2016 coverage","Tabletop Games",GB,"2016-05-23 00:00:00","2016-05-28 00:00:00",72.16,144.32,GBP,14,successful
8907,"Board Game Character Miniature Sculpted Player Needed!","Tabletop Games",US,"2013-11-09 00:00:00","2013-12-09 00:00:00",5000,143,USD,6,failed
1662,"What the DRUMPF!!","Tabletop Games",GB,"2016-07-17 00:00:00","2016-08-16 00:00:00",4580.79,141.35,GBP,4,canceled
10281,"Drag Show the Drinking Game","Tabletop Games",US,"2011-03-15 00:00:00","2011-04-15 00:00:00",2500,140,USD,7,failed
9124,"TriGen 3D Board Game","Tabletop Games",US,"2015-05-14 00:00:00","2015-06-13 00:00:00",18500,139,USD,3,failed
10778,"Game of Thrones House Dice","Tabletop Games",NL,"2017-07-24 00:00:00","2017-08-13 00:00:00",234.8,132.66,EUR,9,canceled
8031,"3d Chess Set (Canceled)","Tabletop Games",US,"2015-09-08 00:00:00","2015-10-08 00:00:00",50000,131,USD,3,canceled
2760,"Clash of Bonds CCG (Canceled)","Tabletop Games",US,"2013-11-25 00:00:00","2014-01-24 00:00:00",10000,130,USD,7,canceled
14833,"Combat GO! The FIRST of MANY games from 3BP!","Tabletop Games",US,"2016-11-14 00:00:00","2016-12-14 00:00:00",11000,124,USD,5,failed
3085,"Skkrambled™: The Official ChikkinChamps™ Trading Card Game","Tabletop Games",US,"2013-02-18 00:00:00","2013-03-21 00:00:00",56000,123.51,USD,7,failed
12662,"3D Printed HeroClix!! (Canceled)","Tabletop Games",US,"2015-01-08 00:00:00","2015-02-20 00:00:00",2500,121,USD,3,canceled
6097,"Gamey McGameface","Playing Cards",US,"2016-05-24 00:00:00","2016-06-23 00:00:00",7000,115,USD,4,failed
3498,"ARC: Age of Rising Conflict","Playing Cards",US,"2016-01-27 00:00:00","2016-02-25 00:00:00",10000,113,USD,4,failed
11478,"Hideout Havoc (Card and Web Game)","Tabletop Games",US,"2011-07-01 00:00:00","2011-07-31 00:00:00",25000,110,USD,2,failed
12972,"Chess: "The 100 years war" edition","Tabletop Games",US,"2017-10-07 00:00:00","2017-11-06 00:00:00",6000,110,USD,2,failed
9826,"Elite Dart Challenge","Tabletop Games",US,"2012-07-23 00:00:00","2012-08-22 00:00:00",40000,101,USD,3,failed
735,"FUNDING FOR NEW ZOMBIE-THEMED BOARD GAME PRODUCTION","Tabletop Games",GB,"2016-05-18 00:00:00","2016-06-17 00:00:00",7143.57,100.01,GBP,7,failed
1305,"Morbid Games","Playing Cards",US,"2017-04-08 00:00:00","2017-05-08 00:00:00",5000,100,USD,4,failed
11688,"Cats Kittens Chaos Backer's Deck","Playing Cards",US,"2016-09-16 00:00:00","2016-10-24 00:00:00",10000,100,USD,1,canceled
8494,"Dreamhack (Canceled)","Tabletop Games",US,"2013-09-20 00:00:00","2013-10-20 00:00:00",2500,97,USD,3,canceled
4083,"Rude Story Cards. An easy, fun & outrageous party card game","Tabletop Games",CA,"2016-08-15 00:00:00","2016-10-14 00:00:00",75.95,91.9,CAD,4,canceled
5264,"New UK Pokemon Store with grading!","Playing Cards",GB,"2017-05-19 00:00:00","2017-07-18 00:00:00",25983.81,90.94,GBP,5,failed
7958,"Reissue Cobra Vipers (Canceled)","Tabletop Games",US,"2013-10-03 00:00:00","2013-11-02 00:00:00",7000,90,USD,6,canceled
5545,BIX,"Tabletop Games",US,"2017-09-08 00:00:00","2017-10-08 00:00:00",250,89,USD,4,canceled
14921,"Help Bring Collectible Gaming to Our Small Town!","Tabletop Games",US,"2014-10-14 00:00:00","2014-11-13 00:00:00",10000,89,USD,8,failed
7636,"Trains of Thought 2nd Edition Tabletop Game","Tabletop Games",US,"2012-12-06 00:00:00","2013-01-05 00:00:00",750,85,USD,3,failed
5997,"Trump Cards","Playing Cards",US,"2016-03-01 00:00:00","2016-03-31 00:00:00",500,85,USD,4,failed
2931,INFECTION,"Tabletop Games",US,"2014-04-28 00:00:00","2014-05-28 00:00:00",12000,76,USD,3,failed
2833,"Blade-Siren - Pathfinder Compatible Hybrid Class","Tabletop Games",US,"2017-07-19 00:00:00","2017-07-24 00:00:00",10,74,USD,37,successful
14825,"Kaolan: The Strategy Battle Card Game","Playing Cards",US,"2017-05-11 00:00:00","2017-06-10 00:00:00",1500,71,USD,3,failed
9023,"Zombie Craze","Tabletop Games",CA,"2015-10-16 00:00:00","2015-10-23 00:00:00",11479.3,68.88,CAD,4,failed
3384,"Magnetic Resin Miniature Bases by Broken Halo Games","Tabletop Games",US,"2016-06-01 00:00:00","2016-07-01 00:00:00",900,64,USD,7,failed
7989,"Poker Chips for MTG Counters | Magic: The Gathering","Tabletop Games",US,"2015-01-23 00:00:00","2015-02-25 00:00:00",10000,62,USD,3,canceled
580,"Bats Outta Hell (Lets Try this Again)","Tabletop Games",US,"2016-09-22 00:00:00","2016-11-21 00:00:00",56000,56,USD,3,canceled
6248,"CHARINGO: Charades + Bingo with a Twist!","Tabletop Games",US,"2017-04-12 00:00:00","2017-05-27 00:00:00",25000,56,USD,1,failed
1860,"Fervour - TCG, The Dueling Trading Card Game (Canceled)","Playing Cards",AU,"2016-02-23 00:00:00","2016-03-24 00:00:00",4504.17,45.79,AUD,3,canceled
5224,Slick-Mat,"Playing Cards",US,"2015-02-02 00:00:00","2015-03-04 00:00:00",500,45,USD,1,failed
4247,"Erova: Rise of Vrictus","Tabletop Games",US,"2015-09-01 00:00:00","2015-10-01 00:00:00",4000,38,USD,6,failed
14184,"Powerpuff girls Vs Dexter - A Card Game","Playing Cards",US,"2016-11-08 00:00:00","2016-12-08 00:00:00",5000,37,USD,3,suspended
7744,"Domo (Canceled)","Tabletop Games",US,"2013-10-31 00:00:00","2013-12-30 00:00:00",1000,35,USD,2,canceled
5305,"Illunamatrix - a fun and interactive family game!","Tabletop Games",US,"2015-04-28 00:00:00","2015-05-28 00:00:00",50000,30,USD,1,failed
7444,"Luck of the Leprechauns","Tabletop Games",CA,"2014-05-19 00:00:00","2014-06-18 00:00:00",9247.27,23.12,CAD,1,failed
7863,"WTF Is My Anime Idea - The Card Game (18+)","Playing Cards",US,"2015-05-03 00:00:00","2015-06-02 00:00:00",1000,21,USD,2,failed
10362,"L.A.Z.A. what happens after the zombies apocalypse?","Playing Cards",US,"2014-09-04 00:00:00","2014-10-04 00:00:00",30000,21,USD,4,failed
2128,"Happy Friends Board Game","Tabletop Games",US,"2014-10-21 00:00:00","2014-11-20 00:00:00",100,20,USD,4,failed
5620,"Oraxia: Part 1","Tabletop Games",US,"2015-08-02 00:00:00","2015-09-01 00:00:00",5000,20,USD,1,failed
4151,"GAME: Just Stay Connected","Playing Cards",US,"2017-11-21 00:00:00","2017-12-16 00:00:00",6000,12,USD,2,canceled
2950,"Playing Cards for a Cause startup","Playing Cards",US,"2015-02-17 00:00:00","2015-03-19 00:00:00",1500,11,USD,3,failed
2211,"Fields of Turmoil","Tabletop Games",GB,"2013-10-22 00:00:00","2013-11-19 00:00:00",12150.67,6.48,GBP,4,failed
2016,"Racing Greyhounds","Tabletop Games",US,"2016-04-28 00:00:00","2016-05-28 00:00:00",15000,6,USD,3,failed
6192,"Night Out: A unique drinking board game","Tabletop Games",US,"2013-12-09 00:00:00","2014-01-08 00:00:00",15000,6,USD,2,failed
2325,"WORLD WAR HISTORY","Tabletop Games",MX,"2017-12-27 00:00:00","2018-01-31 00:00:00",3139.39,5.23,MXN,1,live
8201,"E-Card - The Game","Playing Cards",DE,"2017-04-17 00:00:00","2017-05-17 00:00:00",447.16,2.24,EUR,1,failed
1632,"Arrival on Icarison","Tabletop Games",US,"2013-11-15 00:00:00","2013-11-28 00:00:00",2700,2,USD,1,failed
1744,"Blades & Wizardry   Book 1 (Canceled)","Tabletop Games",US,"2013-11-05 00:00:00","2013-12-05 00:00:00",5000,2,USD,1,canceled
3186,Star-Fight,"Playing Cards",FR,"2015-06-15 00:00:00","2015-07-15 00:00:00",21777.95,1.09,EUR,1,failed
6127,"Super 7's (card game)","Tabletop Games",US,"2016-08-08 00:00:00","2016-09-11 00:00:00",500,1,USD,1,failed
13427,"Gamerz Sanctuary Start Up","Tabletop Games",US,"2014-10-22 00:00:00","2014-12-21 00:00:00",38000,1,USD,1,failed
791,"Galactile Galactic Supremacy","Tabletop Games",CA,"2014-07-24 00:00:00","2014-09-22 00:00:00",67494.6,0.9,CAD,1,failed
394,"Your Way Game Board","Tabletop Games",US,"2014-08-05 00:00:00","2014-09-04 00:00:00",250000,0,USD,0,failed
2488,"JACKED CARD RACING","Tabletop Games",US,"2011-12-07 00:00:00","2012-02-05 00:00:00",50000,0,USD,0,canceled
4641,SlimeBall,"Tabletop Games",GB,"2015-01-12 00:00:00","2015-02-11 00:00:00",3075.55,0,GBP,0,failed
7018,"Who Gets the Glory","Tabletop Games",US,"2017-10-26 00:00:00","2017-12-01 00:00:00",5000,0,USD,0,canceled
9761,"Latin Heritage Cards: "Learn It, Dream It, Make It..."","Tabletop Games",US,"2010-12-14 00:00:00","2011-03-14 00:00:00",2000,0,USD,0,failed
11939,"The Family Soup Bowl","Tabletop Games",US,"2015-03-18 00:00:00","2015-05-01 00:00:00",2500,0,USD,0,failed
12429,"day 1 - project Charlotte aka Brontosaurus for sale","Tabletop Games",GB,"2018-01-01 00:00:00","2018-01-31 00:00:00",34099.43,0,GBP,0,live
13977,"Starry Cats","Tabletop Games",US,"2017-08-31 00:00:00","2017-09-30 00:00:00",1500,0,USD,0,canceled
14174,"Medieval Decimation (Canceled)","Tabletop Games",US,"2011-09-21 00:00:00","2011-11-20 00:00:00",1000,0,USD,0,canceled
5454,"Presidential Heads of Hairs - For People who are into Hair","Playing Cards",US,"2015-09-21 00:00:00","2015-10-21 00:00:00",10000,0,USD,0,failed
9784,Coven,"Playing Cards",US,"2015-07-27 00:00:00","2015-08-26 00:00:00",5000,0,USD,0,failed
10219,"Donald Trump Satire Trading Card Game","Playing Cards",US,"2017-10-28 00:00:00","2017-11-27 00:00:00",2000,0,USD,0,failed
11956,"Gardenscape Card Game (Canceled)","Playing Cards",US,"2015-01-15 00:00:00","2015-01-30 00:00:00",1200,0,USD,0,canceled
